r,year,multiplier
AL,2010,1.0
AR,2010,1.0
AZ,2010,1.0
CA,2010,1.0
CO,2010,1.0
CT,2010,1.0
DE,2010,1.0
FL,2010,1.0
GA,2010,1.0
IA,2010,1.0
ID,2010,1.0
IL,2010,1.0
IN,2010,1.0
KS,2010,1.0
KY,2010,1.0
LA,2010,1.0
MA,2010,1.0
MD,2010,1.0
ME,2010,1.0
MI,2010,1.0
MN,2010,1.0
MO,2010,1.0
MS,2010,1.0
MT,2010,1.0
NC,2010,1.0
ND,2010,1.0
NE,2010,1.0
NH,2010,1.0
NJ,2010,1.0
NM,2010,1.0
NV,2010,1.0
NY,2010,1.0
OH,2010,1.0
OK,2010,1.0
OR,2010,1.0
PA,2010,1.0
RI,2010,1.0
SC,2010,1.0
SD,2010,1.0
TN,2010,1.0
TX,2010,1.0
UT,2010,1.0
VA,2010,1.0
VT,2010,1.0
WA,2010,1.0
WI,2010,1.0
WV,2010,1.0
WY,2010,1.0
AL,2011,0.9794494645186699
AR,2011,0.9944714411079608
AZ,2011,1.0320591690403262
CA,2011,1.0148352399093288
CO,2011,1.011267446703381
CT,2011,0.9825851525237727
DE,2011,0.9909904750604704
FL,2011,0.9735798860957209
GA,2011,0.9695167555673968
IA,2011,1.0046123172899224
ID,2011,1.020793143238728
IL,2011,0.9870473850908531
IN,2011,0.9983750364260011
KS,2011,1.0084047079866925
KY,2011,0.9569401549939913
LA,2011,1.0152133060188582
MA,2011,0.9734001823785563
MD,2011,0.9739778823128539
ME,2011,0.9899221925246832
MI,2011,1.0136353951038384
MN,2011,1.010825395581629
MO,2011,0.9787619971447894
MS,2011,0.9929637967277104
MT,2011,1.001207161546664
NC,2011,0.960996195169278
ND,2011,1.0602606615346872
NE,2011,0.9941916530561132
NH,2011,0.9981209262808901
NJ,2011,0.9738594132145442
NM,2011,1.028044177919891
NV,2011,1.0055574494429431
NY,2011,0.9962194801340449
OH,2011,1.0039629351981554
OK,2011,1.034588643831572
OR,2011,1.025042384971992
PA,2011,0.9992570150853127
RI,2011,0.9918219503226451
SC,2011,0.9758760922413159
SD,2011,1.0284824556031429
TN,2011,0.9730765766848677
TX,2011,1.049178310075321
UT,2011,1.029200063862652
VA,2011,0.9685891769656543
VT,2011,0.9929158115208518
WA,2011,1.037040970188508
WI,2011,0.9979960124453602
WV,2011,0.9752730122622195
WY,2011,1.017781561144579
AL,2012,0.9485036233536894
AR,2012,0.9723481172874632
AZ,2012,1.0367550754658628
CA,2012,1.0085349070413898
CO,2012,1.0165101088680402
CT,2012,0.9708610890994658
DE,2012,0.9948681471529194
FL,2012,0.9545942901875681
GA,2012,0.9313292616511223
IA,2012,1.0058274701804872
ID,2012,1.0401422999271595
IL,2012,0.9916094639295228
IN,2012,0.9922925067247792
KS,2012,0.9968778599070895
KY,2012,0.9517156811353562
LA,2012,0.9961455265181656
MA,2012,0.9710282046831396
MD,2012,0.9478568154832899
ME,2012,1.0029907475941178
MI,2012,1.0115093716376649
MN,2012,1.002873424497292
MO,2012,0.9578352435617304
MS,2012,0.9738465462087333
MT,2012,1.0070369378682138
NC,2012,0.9391740597805479
ND,2012,1.1358951241296236
NE,2012,1.0327804569559644
NH,2012,0.9984564004981972
NJ,2012,0.9564985600849253
NM,2012,1.0351253077782028
NV,2012,1.0433725915729883
NY,2012,0.990545278912242
OH,2012,0.9893704907687727
OK,2012,1.0258556255678075
OR,2012,1.0149344744246462
PA,2012,0.9724409069615593
RI,2012,0.9893757256742209
SC,2012,0.9430489415141927
SD,2012,1.0332913014497334
TN,2012,0.9310585278852037
TX,2012,1.0186803541767564
UT,2012,1.0602712312034328
VA,2012,0.9472617268224839
VT,2012,0.9873019224003935
WA,2012,1.0217566145075323
WI,2012,1.0011441592908639
WV,2012,0.9621762780571546
WY,2012,0.9917547920521061
AL,2013,0.9669001713520445
AR,2013,0.9686853250203827
AZ,2013,1.048850414569974
CA,2013,1.0191111083249276
CO,2013,1.0131412212604678
CT,2013,0.982832450701603
DE,2013,0.9819978281257372
FL,2013,0.960091702244048
GA,2013,0.928284072579245
IA,2013,1.0278565174676693
ID,2013,1.061994322130581
IL,2013,0.9796238601848378
IN,2013,0.9952734565828115
KS,2013,0.985891429819022
KY,2013,0.9060207551996783
LA,2013,1.0092408926152079
MA,2013,0.9731581006137214
MD,2013,0.9474890897162898
ME,2013,1.0290897049122105
MI,2013,0.9943762513200508
MN,2013,1.0125567903212633
MO,2013,0.9694818331847589
MS,2013,0.9818227507682769
MT,2013,1.0204524252103133
NC,2013,0.9521265143975923
ND,2013,1.2374684720142926
NE,2013,1.0285480862587824
NH,2013,1.0148917451350403
NJ,2013,0.9547935492401427
NM,2013,1.031714397501342
NV,2013,1.0446532801283261
NY,2013,1.0236560967699764
OH,2013,0.9755344455445234
OK,2013,1.0360473099302503
OR,2013,1.0357569136285343
PA,2013,0.9829756594818706
RI,2013,0.9987048569594297
SC,2013,0.9530166679879539
SD,2013,1.0751707255028349
TN,2013,0.9369754531342013
TX,2013,1.0570563449757053
UT,2013,1.0873576603977722
VA,2013,0.9711597917883148
VT,2013,1.002301119214023
WA,2013,1.0278780084724535
WI,2013,1.0055937117102745
WV,2013,0.9803959521104697
WY,2013,0.996614126147612
AL,2014,0.9959728447262349
AR,2014,0.9769280144724848
AZ,2014,1.0609040143999502
CA,2014,1.0291865127847413
CO,2014,1.0138365417228294
CT,2014,0.9691228682407274
DE,2014,0.9826540219109254
FL,2014,0.9782318639955448
GA,2014,0.9659468710094062
IA,2014,1.039202847926986
ID,2014,1.0192386669003135
IL,2014,0.9778582536889672
IN,2014,1.0090299891031096
KS,2014,1.0035608262355835
KY,2014,0.8426996655601371
LA,2014,1.0663898132340217
MA,2014,0.963907582502365
MD,2014,0.9473267337975714
ME,2014,1.041889456884191
MI,2014,0.9970755953629606
MN,2014,1.0137848063817179
MO,2014,0.9756784898052744
MS,2014,0.9944344779092453
MT,2014,1.0246063476897367
NC,2014,0.9769820904137217
ND,2014,1.40779266335687
NE,2014,1.0125197564545292
NH,2014,1.0061519045867664
NJ,2014,0.9480079667981642
NM,2014,1.0354218272966664
NV,2014,1.0415590345897128
NY,2014,1.0210281237806766
OH,2014,0.978036498299887
OK,2014,1.0644883879348268
OR,2014,1.0293519515756322
PA,2014,0.9860282187480911
RI,2014,0.9810152921723503
SC,2014,0.98961536193738
SD,2014,1.087932712851925
TN,2014,0.9686804846159109
TX,2014,1.087461077285002
UT,2014,1.0725243513585143
VA,2014,0.9851528687669161
VT,2014,1.0010770323106764
WA,2014,1.0198241695450418
WI,2014,1.011014155855969
WV,2014,1.0208637334589001
WY,2014,1.0013215920468432
AL,2015,0.9778335530514217
AR,2015,0.9642061420294116
AZ,2015,1.0789742606096657
CA,2015,1.0289234030877898
CO,2015,1.0281217071422302
CT,2015,0.9754571929582575
DE,2015,0.9970098843354688
FL,2015,1.0195681046541112
GA,2015,0.9665886252462184
IA,2015,1.0383543519044072
ID,2015,1.0117176126100205
IL,2015,0.9577271216440325
IN,2015,0.9861515483574766
KS,2015,0.9859589677807211
KY,2015,0.812793593457075
LA,2015,1.079296938930728
MA,2015,0.97067419589044
MD,2015,0.9510621789999579
ME,2015,1.0324819242340475
MI,2015,0.9890566928474319
MN,2015,0.982324385204852
MO,2015,0.9484808045094999
MS,2015,0.9799820142690369
MT,2015,1.032049039601029
NC,2015,0.982323911902838
ND,2015,1.3992420481127605
NE,2015,0.9881610213542743
NH,2015,1.0120339799380722
NJ,2015,0.969529554745657
NM,2015,1.0354811405585043
NV,2015,1.0723534164438495
NY,2015,1.033350126346675
OH,2015,0.9686205028494594
OK,2015,1.060391490796632
OR,2015,1.0280932324754677
PA,2015,0.983789333113643
RI,2015,0.9841700324791883
SC,2015,0.9861173263516555
SD,2015,1.065676312396327
TN,2015,0.9630090977317546
TX,2015,1.095069631760181
UT,2015,1.0789185239203687
VA,2015,0.9844294182587517
VT,2015,0.996118517396826
WA,2015,0.9976446963477126
WI,2015,0.9994984742460196
WV,2015,1.0085921794661388
WY,2015,0.989149123462278
AL,2016,0.9710496651291628
AR,2016,0.9584854517313938
AZ,2016,1.0943680998240155
CA,2016,1.020913352485784
CO,2016,1.042415660430167
CT,2016,0.961549982009
DE,2016,0.97533186865568
FL,2016,1.0203181027491353
GA,2016,0.9831439127271064
IA,2016,1.0670020018878088
ID,2016,1.0120310958359087
IL,2016,0.9745848619137302
IN,2016,0.9785596645180192
KS,2016,1.0098340512621327
KY,2016,0.7969865607163148
LA,2016,1.0771128283240292
MA,2016,0.9575501891784781
MD,2016,0.949158318226478
ME,2016,0.9952641076991698
MI,2016,1.0083991831343624
MN,2016,0.9820184743453242
MO,2016,0.9152227323737816
MS,2016,0.9873005031118096
MT,2016,1.0244763265557795
NC,2016,0.9873508961087976
ND,2016,1.4294390269559678
NE,2016,1.0118224584138908
NH,2016,1.005956807675012
NJ,2016,0.967475564522637
NM,2016,1.0336983693147936
NV,2016,1.0820240244832557
NY,2016,1.0276505169768988
OH,2016,0.9776802448788423
OK,2016,1.0635234112850975
OR,2016,1.031227620958324
PA,2016,0.9771442372788465
RI,2016,0.9682197147045325
SC,2016,0.965243297567486
SD,2016,1.0681024006746458
TN,2016,0.974149859372159
TX,2016,1.1131777789215451
UT,2016,1.0814209855021473
VA,2016,0.9869214636288763
VT,2016,0.9990382042878956
WA,2016,0.9843928252707519
WI,2016,1.0147020770600026
WV,2016,1.001540437483335
WY,2016,0.9675350236243692
AL,2017,0.9492209918608466
AR,2017,0.956421247197787
AZ,2017,1.0902358149432096
CA,2017,1.031712367038024
CO,2017,1.0442288081043378
CT,2017,0.9382909684128269
DE,2017,0.9663052108450437
FL,2017,1.0095961161001965
GA,2017,0.9502709594923707
IA,2017,1.0784840318409197
ID,2017,1.0443500453039405
IL,2017,0.9481139976318029
IN,2017,0.9340115180075247
KS,2017,0.9971082120721634
KY,2017,0.7765291516860494
LA,2017,1.0743187935507068
MA,2017,0.9452944630302754
MD,2017,0.9194996528165007
ME,2017,0.9759035455069506
MI,2017,0.9837232037516831
MN,2017,0.9912670542009014
MO,2017,0.8906001608468279
MS,2017,0.9627996694357653
MT,2017,1.0689829940477615
NC,2017,0.9655583745796729
ND,2017,1.5544934503456023
NE,2017,1.0172380665951906
NH,2017,0.998364589700731
NJ,2017,0.9460183195862778
NM,2017,1.0345021439802784
NV,2017,1.0985338057912726
NY,2017,1.0103598591612708
OH,2017,0.9521665968530371
OK,2017,1.045831153160226
OR,2017,1.090332073413097
PA,2017,0.9619410789626162
RI,2017,0.953531728825629
SC,2017,0.9485266621141278
SD,2017,1.0843178457025195
TN,2017,0.9401908764052188
TX,2017,1.1223931932564748
UT,2017,1.1009776770317372
VA,2017,0.9805430070880771
VT,2017,0.9890704225440694
WA,2017,1.0185783321013264
WI,2017,1.005434695513592
WV,2017,0.9901727667343608
WY,2017,0.9806940818268909
AL,2018,0.9937137093026512
AR,2018,1.0296376158452876
AZ,2018,1.1047886876365396
CA,2018,1.032860807929074
CO,2018,1.0758964012489367
CT,2018,0.9643059283911523
DE,2018,1.023176302392678
FL,2018,1.0336015619766163
GA,2018,0.996136622790001
IA,2018,1.1296589528098822
ID,2018,1.0433288452948275
IL,2018,0.9861026993685025
IN,2018,0.9839425445508381
KS,2018,1.0406550370571495
KY,2018,0.8190991359333762
LA,2018,1.1096859985600094
MA,2018,0.9686963409283113
MD,2018,0.9630186093903429
ME,2018,1.0760672731346566
MI,2018,1.0125253177599507
MN,2018,1.0145371984405656
MO,2018,0.9559124491714099
MS,2018,1.014367935172636
MT,2018,1.0787248669121563
NC,2018,1.0160417072626293
ND,2018,1.5953292993548145
NE,2018,1.0368861603702229
NH,2018,1.024073467550808
NJ,2018,0.9821004357485271
NM,2018,1.082809201996721
NV,2018,1.1341612146619717
NY,2018,1.0466636570669634
OH,2018,0.9930117349915049
OK,2018,1.116522115584688
OR,2018,1.0753107359609038
PA,2018,1.0024877752030328
RI,2018,0.9841214566046336
SC,2018,0.9928448969007475
SD,2018,1.1322445644802261
TN,2018,0.995060504743471
TX,2018,1.1859339541404716
UT,2018,1.1280185011503132
VA,2018,1.0390054279436538
VT,2018,1.0114555802845802
WA,2018,0.9974644121699737
WI,2018,1.033160531133393
WV,2018,1.0506999246967148
WY,2018,0.9858135030419841
AL,2019,0.969695654468346
AR,2019,0.9987498411962664
AZ,2019,1.1033069818409733
CA,2019,1.0229346296278303
CO,2019,1.078090360016916
CT,2019,0.9370242682251986
DE,2019,0.9982340166964987
FL,2019,1.042456558746616
GA,2019,0.9923828691711014
IA,2019,1.1266991952172845
ID,2019,1.054678938627451
IL,2019,0.9567912086589764
IN,2019,0.9645247881730608
KS,2019,1.0192216725722665
KY,2019,0.8056625463975086
LA,2019,1.0973856472706307
MA,2019,0.9352927346220565
MD,2019,0.9429580883539309
ME,2019,1.0239731515131756
MI,2019,0.9778883068666815
MN,2019,0.9891877287747183
MO,2019,0.9194594579871894
MS,2019,0.985486393005389
MT,2019,1.1140385007564086
NC,2019,1.00289968805572
ND,2019,1.6640025749214857
NE,2019,1.018383246104441
NH,2019,0.9953712222300363
NJ,2019,0.9594652021736791
NM,2019,1.1221367189726963
NV,2019,1.116003253410957
NY,2019,1.0192755060841552
OH,2019,0.9647781514918446
OK,2019,1.1204917952395337
OR,2019,1.0992020844326904
PA,2019,0.9802086392814825
RI,2019,0.9650981700481157
SC,2019,0.9764346982831928
SD,2019,1.1333006434370483
TN,2019,0.9653273340182217
TX,2019,1.2004696017198178
UT,2019,1.12677615005675
VA,2019,1.0418086226679197
VT,2019,0.997111039414215
WA,2019,1.0096678237521863
WI,2019,1.0072734135645085
WV,2019,1.03831223612358
WY,2019,0.9800763820029381
AL,2020,0.9179746530601217
AR,2020,0.9535175379181196
AZ,2020,1.1631455934066732
CA,2020,1.0308721556591223
CO,2020,1.0704990302814021
CT,2020,0.9155809225842636
DE,2020,0.9693574071210335
FL,2020,1.0533512846095903
GA,2020,0.9510992269884301
IA,2020,1.118925317370456
ID,2020,1.076876594619199
IL,2020,0.9180170637891425
IN,2020,0.9182066795463394
KS,2020,0.9780130091840376
KY,2020,0.7678832936878085
LA,2020,1.0505507398732872
MA,2020,0.9156774539749208
MD,2020,0.887524147823997
ME,2020,0.9916039515223323
MI,2020,0.9374416360782621
MN,2020,0.9467713455543819
MO,2020,0.8838428133461825
MS,2020,0.9357957743051798
MT,2020,1.0612529578769823
NC,2020,0.9591566730398874
ND,2020,1.6840852932021484
NE,2020,1.0449949841035717
NH,2020,0.9961857594797832
NJ,2020,0.9392025659425305
NM,2020,1.120399713961426
NV,2020,1.1587011442251365
NY,2020,0.9864186699685077
OH,2020,0.9267199804519682
OK,2020,1.077504520771364
OR,2020,1.113225092353422
PA,2020,0.9415426487872887
RI,2020,0.9805586276841215
SC,2020,0.9349163684390545
SD,2020,1.118147091837077
TN,2020,0.9186692294991168
TX,2020,1.1952611556181816
UT,2020,1.1484759271557023
VA,2020,1.0321610461142148
VT,2020,0.9836738009382313
WA,2020,0.9620642013905489
WI,2020,0.9828381496099199
WV,2020,1.0018974891922257
WY,2020,0.8965469159438456
AL,2021,0.9421161578556292
AR,2021,1.013649537718519
AZ,2021,1.1593898876141218
CA,2021,1.0292484088431797
CO,2021,1.0827554868029603
CT,2021,0.9402986762397765
DE,2021,1.0004927693738865
FL,2021,1.0520881021589839
GA,2021,0.9790759532967341
IA,2021,1.1693025517861269
ID,2021,1.1144342277613313
IL,2021,0.9436828879552763
IN,2021,0.9430693381155627
KS,2021,1.0032436628037507
KY,2021,0.7971298876616235
LA,2021,1.0704803044009186
MA,2021,0.9331897796422972
MD,2021,0.9138285854450593
ME,2021,1.0162241401914995
MI,2021,0.9648156295757391
MN,2021,0.9847864054940125
MO,2021,0.9083572603758059
MS,2021,0.966675458809625
MT,2021,1.0892309835539524
NC,2021,0.9988134693353585
ND,2021,1.76479182094035
NE,2021,1.084346918725703
NH,2021,1.0155336798115768
NJ,2021,0.9545805029514272
NM,2021,1.1522436099231617
NV,2021,1.1878112595705195
NY,2021,0.9962897674578718
OH,2021,0.9601200360518719
OK,2021,1.1163634357594552
OR,2021,1.181869436354542
PA,2021,0.9662908122395292
RI,2021,0.997664383515117
SC,2021,0.9726461085647023
SD,2021,1.1485751911598068
TN,2021,0.9632605285730084
TX,2021,1.2215793432406006
UT,2021,1.18856970096684
VA,2021,1.1033041651343267
VT,2021,1.0003328668183136
WA,2021,0.9792299314854606
WI,2021,1.012379185825834
WV,2021,1.0239507285930798
WY,2021,0.9234084654758796
AL,2022,0.9580344594855233
AR,2022,1.0218767481767526
AZ,2022,1.2090147818459884
CA,2022,1.0639488590331472
CO,2022,1.0964429958852915
CT,2022,0.9477455630144225
DE,2022,1.0073479843002353
FL,2022,1.0870992576370346
GA,2022,1.0336904375138303
IA,2022,1.199507807468472
ID,2022,1.1572224730533962
IL,2022,0.9471695122317999
IN,2022,0.9465253608209908
KS,2022,1.040261327402375
KY,2022,0.8062862542955614
LA,2022,1.121391387245103
MA,2022,0.9519792567571752
MD,2022,0.9245225004260892
ME,2022,1.0588888788689563
MI,2022,0.973305375942485
MN,2022,0.9863536067013621
MO,2022,0.9390155100581493
MS,2022,0.9862211300197722
MT,2022,1.1352017389473095
NC,2022,1.0256248240956671
ND,2022,1.960046425454588
NE,2022,1.1350324251962582
NH,2022,1.0152455813282208
NJ,2022,0.9785017258427032
NM,2022,1.2362189263960397
NV,2022,1.2057351905688647
NY,2022,1.0139822361773236
OH,2022,0.9719844617213904
OK,2022,1.2027100586064199
OR,2022,1.2316218073954832
PA,2022,0.978767418646466
RI,2022,1.0384578659400707
SC,2022,1.0097494685196802
SD,2022,1.1861471699727195
TN,2022,0.9871866240440387
TX,2022,1.3345396925829314
UT,2022,1.2173393640745214
VA,2022,1.1655870281675704
VT,2022,1.0151224790336875
WA,2022,1.0100165985539373
WI,2022,1.0195091020058769
WV,2022,1.0308594867419734
WY,2022,0.9654640792261483
AL,2023,0.9344033402285393
AR,2023,1.018072243327468
AZ,2023,1.2447965227343079
CA,2023,1.0311561718450135
CO,2023,1.0802212026879137
CT,2023,0.9181943676237475
DE,2023,0.9707023418080973
FL,2023,1.1014631958924905
GA,2023,1.0132799974249138
IA,2023,1.2056317459127301
ID,2023,1.1366443410597789
IL,2023,0.9126079461492637
IN,2023,0.9089760577228105
KS,2023,1.018810497350675
KY,2023,0.7625890643515519
LA,2023,1.124476139430209
MA,2023,0.9400225202144163
MD,2023,0.8872390827664046
ME,2023,1.0374991927209969
MI,2023,0.9443665646195702
MN,2023,0.981329840453267
MO,2023,0.902220984808171
MS,2023,0.9749954748878211
MT,2023,1.1311301435119565
NC,2023,0.9819030514738988
ND,2023,2.176876077479381
NE,2023,1.1263587001220674
NH,2023,1.0035107161409296
NJ,2023,0.9360661713686986
NM,2023,1.294476146045499
NV,2023,1.1829695371705677
NY,2023,0.9912106663473204
OH,2023,0.9540164146089203
OK,2023,1.1952747621545092
OR,2023,1.2700280451009864
PA,2023,0.9377324841139573
RI,2023,1.0130169232451196
SC,2023,0.9917058008016176
SD,2023,1.1896637661326355
TN,2023,0.9575407473802271
TX,2023,1.3864200224079641
UT,2023,1.221191464059775
VA,2023,1.1688546455902191
VT,2023,1.0011059808248486
WA,2023,0.9965222090583153
WI,2023,1.0013596041738029
WV,2023,1.0027124289569338
WY,2023,0.9828004948019271
AL,2024,0.9348852113811684
AR,2024,1.0704715515080292
AZ,2024,1.3187002720674992
CA,2024,1.0682623367291562
CO,2024,1.1443540915013295
CT,2024,0.938428136389394
DE,2024,0.9941985630584086
FL,2024,1.1281245336013896
GA,2024,1.0378068271054353
IA,2024,1.2519243939219367
ID,2024,1.204127079747186
IL,2024,0.9187825197992369
IN,2024,0.9151260585398688
KS,2024,1.0579297689705793
KY,2024,0.7629823310016172
LA,2024,1.1823519651958847
MA,2024,0.9607373045554948
MD,2024,0.9087150439264159
ME,2024,1.0603620194821646
MI,2024,0.9507560124984977
MN,2024,1.0190099671080626
MO,2024,0.9368635683481599
MS,2024,0.97549827937606
MT,2024,1.198285503494567
NC,2024,1.0056703901833253
ND,2024,2.2604615988096315
NE,2024,1.1696075006066498
NH,2024,1.0256245566307074
NJ,2024,0.9407376649608574
NM,2024,1.3713293817896042
NV,2024,1.2532026094415412
NY,2024,0.9961573618032094
OH,2024,0.9604711519801449
OK,2024,1.256794532517638
OR,2024,1.3157300166701251
PA,2024,0.9424122935384259
RI,2024,1.0353402470460207
SC,2024,1.0157104188057828
SD,2024,1.2353432915445945
TN,2024,0.958034550477631
TX,2024,1.4577778759375077
UT,2024,1.293693777650323
VA,2024,1.1971472191005357
VT,2024,1.023166829420923
WA,2024,1.03238207045435
WI,2024,1.0081346587327382
WV,2024,1.026983466603062
WY,2024,1.0411495021182666
AL,2025,0.9363756300165954
AR,2025,1.0973859542726447
AZ,2025,1.3310164051589652
CA,2025,1.0683145156620415
CO,2025,1.155041901000752
CT,2025,0.9406008175198052
DE,2025,1.0051470697003573
FL,2025,1.140547885845115
GA,2025,1.0492355651481358
IA,2025,1.2755236680034914
ID,2025,1.2153731450490104
IL,2025,0.9397577430874391
IN,2025,0.9360178071322566
KS,2025,1.077872167008499
KY,2025,0.7641986975360138
LA,2025,1.2120793287638254
MA,2025,0.962961636640124
MD,2025,0.9187221723449697
ME,2025,1.0628170061367608
MI,2025,0.9724611703840813
MN,2025,1.0382187113600088
MO,2025,0.954523820224241
MS,2025,0.977053444434518
MT,2025,1.2094770108106876
NC,2025,1.0167452291095271
ND,2025,2.3030722013988356
NE,2025,1.1916550684219787
NH,2025,1.0279991179153374
NJ,2025,0.9568355821796858
NM,2025,1.3841370497154466
NV,2025,1.2649070205616326
NY,2025,1.0132036217165952
OH,2025,0.9823981003498881
OK,2025,1.2883935733262368
OR,2025,1.3157942830828537
PA,2025,0.9585388670269223
RI,2025,1.0377373024316008
SC,2025,1.0268958224864944
SD,2025,1.2586300052339428
TN,2025,0.9595618743993618
TX,2025,1.4944301539350455
UT,2025,1.3057763600859527
VA,2025,1.2103306763763058
VT,2025,1.0255357004909003
WA,2025,1.0324324968270808
WI,2025,1.0311497347880765
WV,2025,1.0382930135316815
WY,2025,1.0508734220323028
AL,2026,0.9560481462605372
AR,2026,1.1083008616118935
AZ,2026,1.3467589047276596
CA,2026,1.0854796452834994
CO,2026,1.1687030749410963
CT,2026,0.9470937756924701
DE,2026,1.0116206824934784
FL,2026,1.1478935426226602
GA,2026,1.0559931282772461
IA,2026,1.2632859920545447
ID,2026,1.2297478823832595
IL,2026,0.947503628716477
IN,2026,0.9437328666080843
KS,2026,1.067530806338269
KY,2026,0.7802539117139072
LA,2026,1.2241350084540623
MA,2026,0.9696089513267856
MD,2026,0.9246391687602199
ME,2026,1.070153621454871
MI,2026,0.980476611661243
MN,2026,1.0282577953280514
MO,2026,0.945365892785906
MS,2026,0.9975805695974151
MT,2026,1.223782012046761
NC,2026,1.0232935394224354
ND,2026,2.280975981630635
NE,2026,1.180222047666594
NH,2026,1.0350953856942247
NJ,2026,0.9643185063479326
NM,2026,1.4005078298378426
NV,2026,1.27986761620001
NY,2026,1.021127371637169
OH,2026,0.9904954460578299
OK,2026,1.3012082958170674
OR,2026,1.3369357906568609
PA,2026,0.9660351117191819
RI,2026,1.044900792802223
SC,2026,1.0335095073233143
SD,2026,1.2465544110838294
TN,2026,0.9797215154195517
TX,2026,1.5092941738285675
UT,2026,1.32122033486026
VA,2026,1.2181257666538234
VT,2026,1.0326149633235862
WA,2026,1.0490210925763954
WI,2026,1.039648912337644
WV,2026,1.0449801015589197
WY,2026,1.0633025508762257
AL,2027,0.967614892220087
AR,2027,1.121248810398747
AZ,2027,1.3709497363867011
CA,2027,1.1166496276678641
CO,2027,1.1896956217481442
CT,2027,0.9673471450948471
DE,2027,1.0250001493460978
FL,2027,1.1630753235704363
GA,2027,1.0699594550842018
IA,2027,1.2714779518211161
ID,2027,1.2518369318050728
IL,2027,0.9576333145603337
IN,2027,0.9538222395345102
KS,2027,1.074453363439433
KY,2027,0.7896938115934686
LA,2027,1.2384362130697528
MA,2027,0.9903438022687787
MD,2027,0.9368682377414591
ME,2027,1.093038595645278
MI,2027,0.9909588090400876
MN,2027,1.0349256809390455
MO,2027,0.951496253929067
MS,2027,1.0096497954704517
MT,2027,1.2457639009630797
NC,2027,1.0368273888465651
ND,2027,2.2957672985513935
NE,2027,1.1878753673352316
NH,2027,1.057230648063395
NJ,2027,0.9794559662232581
NM,2027,1.4256641135868093
NV,2027,1.3028569292393875
NY,2027,1.0371565928063178
OH,2027,1.0010847539973977
OK,2027,1.316409924687738
OR,2027,1.3753264368793585
PA,2027,0.9811995181321483
RI,2027,1.0672457414109147
SC,2027,1.0471784708334473
SD,2027,1.2546378725063951
TN,2027,0.9915746735730271
TX,2027,1.5269268080201597
UT,2027,1.344952436124198
VA,2027,1.2342364231472187
VT,2027,1.0546971824653215
WA,2027,1.0791441530303696
WI,2027,1.050763716071065
WV,2027,1.0588007725598259
WY,2027,1.082401866218104
AL,2028,0.9774457673878659
AR,2028,1.1328691777532334
AZ,2028,1.394509408159413
CA,2028,1.1443960605830923
CO,2028,1.2101404547087544
CT,2028,0.9857332616373313
DE,2028,1.0364214990889165
FL,2028,1.176035214411637
GA,2028,1.0818817764174702
IA,2028,1.2784668058853712
ID,2028,1.273349658671353
IL,2028,0.9662890057020613
IN,2028,0.9624434837873922
KS,2028,1.0803592446583492
KY,2028,0.7977170255238896
LA,2028,1.2512710839810999
MA,2028,1.0091670103156225
MD,2028,0.9473075531044954
ME,2028,1.11381369702111
MI,2028,0.9999157169241489
MN,2028,1.0406142927950932
MO,2028,0.9567262844237927
MS,2028,1.0199077412526523
MT,2028,1.2671722632348708
NC,2028,1.0483805269007445
ND,2028,2.308386300392585
NE,2028,1.1944046882541974
NH,2028,1.077325157057551
NJ,2028,0.992416486232331
NM,2028,1.450164047962788
NV,2028,1.3252464310606453
NY,2028,1.050880628635555
OH,2028,1.0101331865295011
OK,2028,1.3300528973911145
OR,2028,1.4095004533048252
PA,2028,0.9941831094585456
RI,2028,1.0875306046893678
SC,2028,1.0588469487026153
SD,2028,1.2615341627502612
TN,2028,1.0016489778378794
TX,2028,1.542751529766172
UT,2028,1.3680653461777126
VA,2028,1.2479892463668862
VT,2028,1.0747435385352881
WA,2028,1.1059586524991536
WI,2028,1.0602611782530493
WV,2028,1.0705987551641085
WY,2028,1.1010028637728941
AL,2029,0.9849346616766665
AR,2029,1.1459606035117829
AZ,2029,1.426076514930365
CA,2029,1.172386151450151
CO,2029,1.2375340547218658
CT,2029,1.0066173129954195
DE,2029,1.0519021183811983
FL,2029,1.1936011887228872
GA,2029,1.0980414179481592
IA,2029,1.2913277879150191
ID,2029,1.3021741071812327
IL,2029,0.9760552144129125
IN,2029,0.9721708261038218
KS,2029,1.091227325680987
KY,2029,0.8038288924691932
LA,2029,1.265730761074836
MA,2029,1.03054753635906
MD,2029,0.9614571125213979
ME,2029,1.1374113003050792
MI,2029,1.0100217882207445
MN,2029,1.0510825518518188
MO,2029,0.9663506559715116
MS,2029,1.0277219663620232
MT,2029,1.2958568758281415
NC,2029,1.0640397734762537
ND,2029,2.3316079551044373
NE,2029,1.206420031289347
NH,2029,1.1001497027891
NJ,2029,1.0079436975610667
NM,2029,1.4829909927432166
NV,2029,1.355245651820533
NY,2029,1.067322561864664
OH,2029,1.020342525006075
OK,2029,1.345422976393239
OR,2029,1.4439745721208765
PA,2029,1.0097379611303754
RI,2029,1.1105713662074483
SC,2029,1.0746625280938849
SD,2029,1.2742248076087972
TN,2029,1.009323309815969
TX,2029,1.5605795522002166
UT,2029,1.3990338463540086
VA,2029,1.2666299696834622
VT,2029,1.0975133892941664
WA,2029,1.1330086260571617
WI,2029,1.0709771564890938
WV,2029,1.0865898666549987
WY,2029,1.1259259476563626
AL,2030,0.9922661837164422
AR,2030,1.1589668640604578
AZ,2030,1.4602156746728536
CA,2030,1.2017927033152176
CO,2030,1.2671596549884705
CT,2030,1.0250972743295883
DE,2030,1.0666911022833434
FL,2030,1.2103823591922171
GA,2030,1.1134790870717033
IA,2030,1.305772769211313
ID,2030,1.33334713989874
IL,2030,0.9860774071455197
IN,2030,0.9821531337072815
KS,2030,1.103433953972412
KY,2030,0.8098123241328876
LA,2030,1.2800963719104645
MA,2030,1.0494668201614292
MD,2030,0.9749745049776122
ME,2030,1.1582924401179213
MI,2030,1.0203927517443292
MN,2030,1.062840114838111
MO,2030,0.9771603955913086
MS,2030,1.0353719826933787
MT,2030,1.326878678953102
NC,2030,1.0789994040409294
ND,2030,2.3576896623339807
NE,2030,1.2199152220151548
NH,2030,1.1203467764007604
NJ,2030,1.0229134021693418
NM,2030,1.5184926407038135
NV,2030,1.387689175932613
NY,2030,1.0831741451540107
OH,2030,1.0308194624660494
OK,2030,1.360693066591383
OR,2030,1.4801932813698617
PA,2030,1.0247343136513136
RI,2030,1.130959765692926
SC,2030,1.0897715069147256
SD,2030,1.2884784724686709
TN,2030,1.016836372741969
TX,2030,1.578291595878376
UT,2030,1.4325256256980925
VA,2030,1.2844378720579253
VT,2030,1.1176620642037358
WA,2030,1.161427485222724
WI,2030,1.0819740133431495
WV,2030,1.101866535239833
WY,2030,1.1528797368695105
AL,2031,1.0011320939798898
AR,2031,1.1726833428352703
AZ,2031,1.4978053256081783
CA,2031,1.231361193313789
CO,2031,1.2997795548679965
CT,2031,1.0442673039523143
DE,2031,1.0821853433526782
FL,2031,1.2279637902356093
GA,2031,1.1296529478677868
IA,2031,1.3222634475107053
ID,2031,1.3676708733264311
IL,2031,0.9973699765218029
IN,2031,0.993400762260733
KS,2031,1.1173692839077851
KY,2031,0.8170480069706371
LA,2031,1.2952464294828683
MA,2031,1.0690925771840687
MD,2031,0.9891365149392982
ME,2031,1.1799533116711713
MI,2031,1.0320783008266123
MN,2031,1.076262782878639
MO,2031,0.9895010096020727
MS,2031,1.0446230437881612
MT,2031,1.3610358978081496
NC,2031,1.0946724295720245
ND,2031,2.387465058687847
NE,2031,1.2353216004855334
NH,2031,1.141298037738738
NJ,2031,1.0382086044052572
NM,2031,1.5575824883899807
NV,2031,1.423411811043842
NY,2031,1.0993704014272299
OH,2031,1.0426244183548754
OK,2031,1.3767969934125053
OR,2031,1.5166114424349133
PA,2031,1.0400567432256442
RI,2031,1.1521094972875434
SC,2031,1.1056010028226646
SD,2031,1.3047507401144476
TN,2031,1.0259218179393195
TX,2031,1.5969708211838212
UT,2031,1.4694024646198245
VA,2031,1.303094997804684
VT,2031,1.138563119562599
WA,2031,1.1900028434239684
WI,2031,1.094364791714578
WV,2031,1.1178717177023973
WY,2031,1.1825577821274775
AL,2032,1.0131971150292711
AR,2032,1.1928833462514525
AZ,2032,1.5436322173722907
CA,2032,1.2674756731195747
CO,2032,1.3395476448592347
CT,2032,1.0649473693260811
DE,2032,1.1008979527226992
FL,2032,1.2491971278227
GA,2032,1.1491863433873135
IA,2032,1.3450396612649222
ID,2032,1.4095161679112997
IL,2032,1.014213154572892
IN,2032,1.010176909837579
KS,2032,1.1366161606936411
KY,2032,0.8268945611483854
LA,2032,1.3175576377559333
MA,2032,1.0902642679026215
MD,2032,1.006240170363368
ME,2032,1.2033204242208015
MI,2032,1.0495076189259105
MN,2032,1.0948015931623996
MO,2032,1.00654533352038
MS,2032,1.0572121907027001
MT,2032,1.4026781885047725
NC,2032,1.113600959410778
ND,2032,2.428589552153782
NE,2032,1.2566002260732168
NH,2032,1.1638996436130773
NJ,2032,1.0577438221325508
NM,2032,1.6052383238238286
NV,2032,1.4669625568485272
NY,2032,1.1200564562949085
OH,2032,1.0602318349927877
OK,2032,1.4005129472036462
OR,2032,1.561092000705261
PA,2032,1.059626736039653
RI,2032,1.1749252070502345
SC,2032,1.1247185041009844
SD,2032,1.3272252944922192
TN,2032,1.0382855893166318
TX,2032,1.6244793691994026
UT,2032,1.5143603416902043
VA,2032,1.3256274667719714
VT,2032,1.1611105647000652
WA,2032,1.224904327968894
WI,2032,1.1128459787099723
WV,2032,1.13720139806413
WY,2032,1.218739351627746
AL,2033,1.0259264207721117
AR,2033,1.2149929302003901
AZ,2033,1.593742786794382
CA,2033,1.3069917029954499
CO,2033,1.383033064829404
CT,2033,1.0857423636626953
DE,2033,1.1198284304759518
FL,2033,1.2706776822911592
GA,2033,1.1689471635923403
IA,2033,1.3694604463146016
ID,2033,1.4552729595801825
IL,2033,1.031125613256847
IN,2033,1.0270220623324782
KS,2033,1.1572527707086853
KY,2033,0.8372832540589902
LA,2033,1.34197800651292
MA,2033,1.1115536197799776
MD,2033,1.0235429613372116
ME,2033,1.226817398932931
MI,2033,1.0670086286136176
MN,2033,1.1146790102740423
MO,2033,1.024820353908658
MS,2033,1.0704944800133285
MT,2033,1.4482130004573075
NC,2033,1.1327498715656148
ND,2033,2.472683466359456
NE,2033,1.2794152886308912
NH,2033,1.1866268573650935
NJ,2033,1.0769455095734157
NM,2033,1.6573487977823904
NV,2033,1.5145842171230857
NY,2033,1.140389332308816
OH,2033,1.0779116757874778
OK,2033,1.426470857233221
OR,2033,1.6097620931158154
PA,2033,1.0788626048423615
RI,2033,1.1978677145677807
SC,2033,1.1440585878643326
SD,2033,1.351322638654406
TN,2033,1.051330094199983
TX,2033,1.6545884013185086
UT,2033,1.5635206651003415
VA,2033,1.348422278231802
VT,2033,1.1837833167182237
WA,2033,1.2630931130048821
WI,2033,1.1314031839204133
WV,2033,1.1567561312832983
WY,2033,1.2583030004035787
AL,2034,1.0414341664673228
AR,2034,1.2399021417091591
AZ,2034,1.6499785856802462
CA,2034,1.3498164139526636
CO,2034,1.431833893878289
CT,2034,1.1072560854757452
DE,2034,1.1397945034961376
FL,2034,1.2933333344422324
GA,2034,1.18978900310083
IA,2034,1.3999707332964184
ID,2034,1.5066227998160686
IL,2034,1.0523649544761122
IN,2034,1.0481768777508396
KS,2034,1.18303527084576
KY,2034,0.8499394987134886
LA,2034,1.3694906061120249
MA,2034,1.1335787853777937
MD,2034,1.0417923046733777
ME,2034,1.251126488381201
MI,2034,1.0889870956943106
MN,2034,1.1395130071869082
MO,2034,1.047652384718095
MS,2034,1.0866759096247038
MT,2034,1.4993137274456443
NC,2034,1.152946328481495
ND,2034,2.52777252159785
NE,2034,1.3079194544358268
NH,2034,1.2101395809721252
NJ,2034,1.098804882947823
NM,2034,1.7158289580994037
NV,2034,1.568026876839309
NY,2034,1.1635364609105254
OH,2034,1.100114726116107
OK,2034,1.455715689372332
OR,2034,1.6625073371671497
PA,2034,1.1007608905859703
RI,2034,1.2216031730361319
SC,2034,1.164456674466725
SD,2034,1.381428832390286
TN,2034,1.0672218379083724
TX,2034,1.6885099916619197
UT,2034,1.6186900653354492
VA,2034,1.372464084044661
VT,2034,1.2072396962564522
WA,2034,1.3044794487807794
WI,2034,1.1547080635305205
WV,2034,1.1773806097794672
WY,2034,1.302702683372813
AL,2035,1.0569536895737475
AR,2035,1.266866395189484
AZ,2035,1.7069956312351284
CA,2035,1.3916191447974402
CO,2035,1.4813126804897074
CT,2035,1.1303523788824157
DE,2035,1.1603454390545913
FL,2035,1.3166526344828933
GA,2035,1.2112413588157256
IA,2035,1.4320750621067915
ID,2035,1.5586860093368886
IL,2035,1.074304671145576
IN,2035,1.0700292813485863
KS,2035,1.2101648046468496
KY,2035,0.8626053551968528
LA,2035,1.3992730305469288
MA,2035,1.1572241449022018
MD,2035,1.060576222698043
ME,2035,1.2772237795530925
MI,2035,1.111690311184919
MN,2035,1.1656444822215934
MO,2035,1.0716772988380958
MS,2035,1.1028696282788775
MT,2035,1.5511243629537317
NC,2035,1.1737343965291132
ND,2035,2.5857397620987417
NE,2035,1.3379128501719082
NH,2035,1.2353819248090963
NJ,2035,1.1216530029181873
NM,2035,1.775121544510764
NV,2035,1.6222119799939463
NY,2035,1.1877305840540784
OH,2035,1.123049930573678
OK,2035,1.4873732577586676
OR,2035,1.7139938549074072
PA,2035,1.1236496830159066
RI,2035,1.2470846363408374
SC,2035,1.185452278502517
SD,2035,1.4131079556807848
TN,2035,1.0831256506565976
TX,2035,1.7252301568166255
UT,2035,1.6746258974701531
VA,2035,1.3972101420937026
VT,2035,1.232421551296733
WA,2035,1.3448781302060873
WI,2035,1.1787814305141413
WV,2035,1.1986092373655213
WY,2035,1.3477191817001006
AL,2036,1.0721128977807026
AR,2036,1.297119064008073
AZ,2036,1.7618296408290972
CA,2036,1.431360427321867
CO,2036,1.5288970516780904
CT,2036,1.1555417595494712
DE,2036,1.1832307816400391
FL,2036,1.3426208036090836
GA,2036,1.2351305150248852
IA,2036,1.462976059031021
ID,2036,1.6087558525315786
IL,2036,1.0963953116574692
IN,2036,1.0920320081600274
KS,2036,1.2362774714306626
KY,2036,0.8749771500151641
LA,2036,1.4326875592933386
MA,2036,1.1830123504632588
MD,2036,1.0814938299704089
ME,2036,1.3056861215459388
MI,2036,1.1345497026448421
MN,2036,1.190796499397903
MO,2036,1.0948017130475327
MS,2036,1.11868737931672
MT,2036,1.6009513025447257
NC,2036,1.1968838077861421
ND,2036,2.6415342791249117
NE,2036,1.3667820358465947
NH,2036,1.2629118403952284
NJ,2036,1.1463421427709966
NM,2036,1.832143970357123
NV,2036,1.6743224749751644
NY,2036,1.2138741832071835
OH,2036,1.1461429068582873
OK,2036,1.5228916129281316
OR,2036,1.762941380735619
PA,2036,1.1483827725697782
RI,2036,1.2748753414481107
SC,2036,1.2088328000257746
SD,2036,1.4435996846044463
TN,2036,1.0986602264990062
TX,2036,1.7664285158292259
UT,2036,1.7284200905236786
VA,2036,1.4247671364933436
VT,2036,1.2598854963265032
WA,2036,1.383284602216231
WI,2036,1.2030203987723873
WV,2036,1.2222492518818378
WY,2036,1.391012114140617
AL,2037,1.0883600168620802
AR,2037,1.3290798944584068
AZ,2037,1.814790079625916
CA,2037,1.4694774027656268
CO,2037,1.574855558026031
CT,2037,1.1803864881947537
DE,2037,1.207221492742708
FL,2037,1.369843242646017
GA,2037,1.2601735242330987
IA,2037,1.4917252335006175
ID,2037,1.6571149071714633
IL,2037,1.1164966875875397
IN,2037,1.1120533870279374
KS,2037,1.2605717560155603
KY,2037,0.8882368150926088
LA,2037,1.4679887783112653
MA,2037,1.20844771062085
MD,2037,1.103421763588039
ME,2037,1.3337590294418573
MI,2037,1.1553506034164231
MN,2037,1.2141970301910383
MO,2037,1.1163158350755196
MS,2037,1.1356403020025831
MT,2037,1.6490757531216882
NC,2037,1.2211513421518896
ND,2037,2.693443488020839
NE,2037,1.3936408863164307
NH,2037,1.290065079746584
NJ,2037,1.1696406053068031
NM,2037,1.887218051505739
NV,2037,1.724652456323606
NY,2037,1.2385451789993056
OH,2037,1.1671563581156748
OK,2037,1.5604154470815155
OR,2037,1.8098883215868604
PA,2037,1.171722709230231
RI,2037,1.3022858020853698
SC,2037,1.2333426073489513
SD,2037,1.471968090868344
TN,2037,1.115309651729178
TX,2037,1.809953064857596
UT,2037,1.7803762412763102
VA,2037,1.453655141513642
VT,2037,1.2869736677592367
WA,2037,1.4201213235674428
WI,2037,1.2250766453014879
WV,2037,1.247031085783004
WY,2037,1.4328258118043198
AL,2038,1.104667403920784
AR,2038,1.3563501166851115
AZ,2038,1.8675369788608294
CA,2038,1.5072270194983053
CO,2038,1.620628757009941
CT,2038,1.2053795028497953
DE,2038,1.2312762735602194
FL,2038,1.3971383820668173
GA,2038,1.285283413428816
IA,2038,1.5200906192529018
ID,2038,1.705278975297328
IL,2038,1.1364424282832015
IN,2038,1.131919750040011
KS,2038,1.2845417226855658
KY,2038,0.9015456663174705
LA,2038,1.4981091498387946
MA,2038,1.2340348819782496
MD,2038,1.1254082580564895
ME,2038,1.3619994907674655
MI,2038,1.175990452870982
MN,2038,1.237285174285661
MO,2038,1.1375427531246252
MS,2038,1.1526561108133604
MT,2038,1.6970061631218236
NC,2038,1.2454836855180906
ND,2038,2.744659732020682
NE,2038,1.42014118305523
NH,2038,1.317380383476784
NJ,2038,1.1931489219840354
NM,2038,1.9420700707638574
NV,2038,1.7747795042671892
NY,2038,1.26343839162793
OH,2038,1.1880071123804006
OK,2038,1.5924322401917865
OR,2038,1.8563828034620282
PA,2038,1.1952728735982536
RI,2038,1.329859862329274
SC,2038,1.2579178706879712
SD,2038,1.499957791501451
TN,2038,1.1320208372737317
TX,2038,1.8470899010285207
UT,2038,1.8321229018146976
VA,2038,1.4826202949867764
VT,2038,1.314223515212296
WA,2038,1.456603024870015
WI,2038,1.2469621209783504
WV,2038,1.2718791021755738
WY,2038,1.474470914213081
AL,2039,1.1213886979376049
AR,2039,1.3827307203492292
AZ,2039,1.9192536930246915
CA,2039,1.5443158117872158
CO,2039,1.6655079723297592
CT,2039,1.230275907944439
DE,2039,1.2559464425045372
FL,2039,1.425131806990467
GA,2039,1.311035683355154
IA,2039,1.54759025248054
ID,2039,1.7525023643564788
IL,2039,1.1565797720223219
IN,2039,1.1519769535765676
KS,2039,1.3077800913670414
KY,2039,0.9151923169768269
LA,2039,1.5272469242536146
MA,2039,1.2595231470848114
MD,2039,1.147957228140437
ME,2039,1.3901307896494166
MI,2039,1.1968285731259267
MN,2039,1.2596686348898536
MO,2039,1.1581217949892868
MS,2039,1.1701038074329826
MT,2039,1.7440004575673442
NC,2039,1.27043851783227
ND,2039,2.794312782312073
NE,2039,1.4458326524787286
NH,2039,1.3445901009252996
NJ,2039,1.216990255274428
NM,2039,1.9958507904351497
NV,2039,1.8239275347292447
NY,2039,1.2886842391761055
OH,2039,1.2090581634421462
OK,2039,1.6234045704726527
OR,2039,1.9020633779976588
PA,2039,1.2191566473899065
RI,2039,1.3573273360778981
SC,2039,1.2831218375428
SD,2039,1.527093206062131
TN,2039,1.1491561788127669
TX,2039,1.883015246565495
UT,2039,1.8828589126668165
VA,2039,1.5123264575621647
VT,2039,1.3413680294024541
WA,2039,1.492446097172942
WI,2039,1.2690578332070266
WV,2039,1.2973627998648753
WY,2039,1.5153026576679287
AL,2040,1.136837582963775
AR,2040,1.4060649911111378
AZ,2040,1.971007131693747
CA,2040,1.5806818647084795
CO,2040,1.71041905678517
CT,2040,1.2541408969645316
DE,2040,1.2796496587313237
FL,2040,1.452028023444891
GA,2040,1.3357785873771044
IA,2040,1.5743271599166389
ID,2040,1.7997592871701376
IL,2040,1.1765282980388563
IN,2040,1.1718460908248256
KS,2040,1.3303739240650752
KY,2040,0.9278005240220846
LA,2040,1.5530199780567624
MA,2040,1.2839554763547179
MD,2040,1.1696223863644246
ME,2040,1.4170966562629521
MI,2040,1.2174713048301031
MN,2040,1.2814312711155753
MO,2040,1.1781300595688329
MS,2040,1.1862238193636911
MT,2040,1.7910281230852216
NC,2040,1.2944152399852988
ND,2040,2.842588662887332
NE,2040,1.4708115470766054
NH,2040,1.3706725656699126
NJ,2040,1.2398765210683642
NM,2040,2.049669700280562
NV,2040,1.8731104656510282
NY,2040,1.3129187553477981
OH,2040,1.22991182940827
OK,2040,1.650800332529607
OR,2040,1.9468537874047929
PA,2040,1.2420836535476656
RI,2040,1.3836568787138201
SC,2040,1.3073379293531628
SD,2040,1.5534759967467677
TN,2040,1.164987604362393
TX,2040,1.9147920683034714
UT,2040,1.9336309516178614
VA,2040,1.540868280537993
VT,2040,1.367387992149736
WA,2040,1.5275907051201425
WI,2040,1.2909463650788504
WV,2040,1.3218476583979057
WY,2040,1.5561633961120904
AL,2041,1.1516359485306529
AR,2041,1.427631164824576
AZ,2041,2.0226016577559394
CA,2041,1.615491069484573
CO,2041,1.7551922385679974
CT,2041,1.2767530411572858
DE,2041,1.3019305633109408
FL,2041,1.4773103322522727
GA,2041,1.3590367932788294
IA,2041,1.5999323113385844
ID,2041,1.8468711042480275
IL,2041,1.1948194519367825
IN,2041,1.190064451766665
KS,2041,1.3520113744253281
KY,2041,0.9398778264735265
LA,2041,1.5768401420171385
MA,2041,1.3071051770292428
MD,2041,1.1899875266252418
ME,2041,1.4426468906935848
MI,2041,1.2363989881166646
MN,2041,1.3022727090130628
MO,2041,1.1972913872382376
MS,2041,1.2016650521186092
MT,2041,1.8379113868181294
NC,2041,1.3169532387662373
ND,2041,2.888821056634125
NE,2041,1.494733101207728
NH,2041,1.395385774346064
NJ,2041,1.2610247324142463
NM,2041,2.103323355343259
NV,2041,1.92214237689244
NY,2041,1.3353128267301184
OH,2041,1.2490329220246448
OK,2041,1.676120248011893
OR,2041,1.9897266979302675
PA,2041,1.2632695113069987
RI,2041,1.4086041943866443
SC,2041,1.3301009344135566
SD,2041,1.5787420209505079
TN,2041,1.1801524024906278
TX,2041,1.9441610794311244
UT,2041,1.9842470914195367
VA,2041,1.567697451236529
VT,2041,1.3920419800076929
WA,2041,1.561230755566594
WI,2041,1.3110163444214515
WV,2041,1.3448633028319874
WY,2041,1.5968986687585878
AL,2042,1.165629474489058
AR,2042,1.448726510186882
AZ,2042,2.071599958359274
CA,2042,1.648205127046162
CO,2042,1.7977124434695462
CT,2042,1.2976442404539976
DE,2042,1.3228231172947982
FL,2042,1.5010172692712473
GA,2042,1.3808457517361976
IA,2042,1.625403946447571
ID,2042,1.8916122648193876
IL,2042,1.21211021222584
IN,2042,1.207286400346989
KS,2042,1.373535997778768
KY,2042,0.9512982799417143
LA,2042,1.6001402689663053
MA,2042,1.32849302093861
MD,2042,1.2090836899236195
ME,2042,1.4662525706776661
MI,2042,1.254291464248104
MN,2042,1.3230054706563472
MO,2042,1.2163527994734522
MS,2042,1.216266481608184
MT,2042,1.8824354947996889
NC,2042,1.3380868670952066
ND,2042,2.934812374721937
NE,2042,1.5185299180289553
NH,2042,1.4182181321850058
NJ,2042,1.279886211816195
NM,2042,2.154277170018496
NV,2042,1.968707012901825
NY,2042,1.3552854527453984
OH,2042,1.2671082293967009
OK,2042,1.7008873842104852
OR,2042,2.0300191111521424
PA,2042,1.2821645664587005
RI,2042,1.4316528420158223
SC,2042,1.3514455486036892
SD,2042,1.6038762971970015
TN,2042,1.1944924318203802
TX,2042,1.9728889122363105
UT,2042,2.032316237948635
VA,2042,1.5928548632777826
VT,2042,1.414819624153635
WA,2042,1.5928460295654927
WI,2042,1.3299886412899722
WV,2042,1.3664448141253938
WY,2042,1.6355841512434142
AL,2043,1.1783684554763618
AR,2043,1.469809263203376
AZ,2043,2.118255581876193
CA,2043,1.678134378653753
CO,2043,1.8381996980747373
CT,2043,1.3168493129582175
DE,2043,1.3428689964510152
FL,2043,1.5237634780408216
GA,2043,1.4017708978957886
IA,2043,1.6496093931849465
ID,2043,1.934214288106402
IL,2043,1.2280682423361926
IN,2043,1.2231809225894652
KS,2043,1.3939906376907514
KY,2043,0.9616948690522842
LA,2043,1.623426487479702
MA,2043,1.3481546539140314
MD,2043,1.2274059774774742
ME,2043,1.4879530383802095
MI,2043,1.2708048313922296
MN,2043,1.3427076120983064
MO,2043,1.2344666738527168
MS,2043,1.229558866473017
MT,2043,1.9248308430839292
NC,2043,1.3583640510116517
ND,2043,2.978517476321931
NE,2043,1.541143801261056
NH,2043,1.4392076925023107
NJ,2043,1.297497671042157
NM,2043,2.2027948117523186
NV,2043,2.0130453287230963
NY,2043,1.3739344187786326
OH,2043,1.28379033558955
OK,2043,1.7256397362783396
OR,2043,2.066881605843429
PA,2043,1.2998073762449844
RI,2043,1.452841235394093
SC,2043,1.3719251681380973
SD,2043,1.6277611550933972
TN,2043,1.2075468515236123
TX,2043,2.0015995966706632
UT,2043,2.078087131543434
VA,2043,1.6169927662862793
VT,2043,1.435758886715119
WA,2043,1.6217700322935116
WI,2043,1.3474985991882378
WV,2043,1.3871517304617318
WY,2043,1.672420026858651
AL,2044,1.1893501569946017
AR,2044,1.4883269571820088
AZ,2044,2.1632920906309705
CA,2044,1.7065561958373818
CO,2044,1.8772819020843434
CT,2044,1.334986532883139
DE,2044,1.3614639028605977
FL,2044,1.5448632571997654
GA,2044,1.4211814276815953
IA,2044,1.6724028082191913
ID,2044,1.975337870862532
IL,2044,1.242974425223844
IN,2044,1.2380277836255584
KS,2044,1.4132520502954593
KY,2044,0.9706573000767006
LA,2044,1.6438795596194418
MA,2044,1.366723048346281
MD,2044,1.2444020503170994
ME,2044,1.5084469029625065
MI,2044,1.2862297471894235
MN,2044,1.3612604234478507
MO,2044,1.2515238701558626
MS,2044,1.2410176325388937
MT,2044,1.9657549231891418
NC,2044,1.377173519742747
ND,2044,3.0196730282392723
NE,2044,1.562438497105249
NH,2044,1.4590301780211083
NJ,2044,1.314042908343139
NM,2044,2.2496287201216725
NV,2044,2.0558449485359716
NY,2044,1.3914543508001065
OH,2044,1.2993728682795032
OK,2044,1.7473805630330488
OR,2044,2.101887462280631
PA,2044,1.316382066100317
RI,2044,1.4728514983323346
SC,2044,1.3909224196718653
SD,2044,1.6502526829289847
TN,2044,1.2188004785458681
TX,2044,2.0268171604232017
UT,2044,2.122269613626192
VA,2044,1.6393835052440848
VT,2044,1.455533871165704
WA,2044,1.649237231558395
WI,2044,1.3638544171044666
WV,2044,1.406359826465136
WY,2044,1.707977567613281
AL,2045,1.199709801863624
AR,2045,1.506866146547512
AZ,2045,2.2076862489753966
CA,2045,1.7346626294188578
CO,2045,1.915806681229609
CT,2045,1.3536228047996735
DE,2045,1.3791162149850233
FL,2045,1.5648934675845936
GA,2045,1.4396080184227535
IA,2045,1.693128258452589
ID,2045,2.015874912810129
IL,2045,1.2566901127326369
IN,2045,1.2516888870745324
KS,2045,1.4307659440127478
KY,2045,0.9791120556919255
LA,2045,1.664356373738006
MA,2045,1.385802358688512
MD,2045,1.2605365753341184
ME,2045,1.5295046634438436
MI,2045,1.300422738548668
MN,2045,1.3781300047605634
MO,2045,1.2670335282115344
MS,2045,1.251827318713893
MT,2045,2.0060953079685917
NC,2045,1.3950295178113805
ND,2045,3.05709468452945
NE,2045,1.5818012015657736
NH,2045,1.4793980862076486
NJ,2045,1.3308031365182296
NM,2045,2.2957946419820536
NV,2045,2.098034122421535
NY,2045,1.40920193900028
OH,2045,1.313710888320033
OK,2045,1.7691466265954567
OR,2045,2.136504875113814
PA,2045,1.3331721295399175
RI,2045,1.4934123507001238
SC,2045,1.4089566816462888
SD,2045,1.6707036351065854
TN,2045,1.2294166457441267
TX,2045,2.052063996788702
UT,2045,2.1658219261802514
VA,2045,1.66063923539264
VT,2045,1.4758529712754163
WA,2045,1.6763996401693508
WI,2045,1.3789039632679954
WV,2045,1.4245942449934967
WY,2045,1.7430279553596884
AL,2046,1.2094512601812133
AR,2046,1.5231530965431987
AZ,2046,2.2532015736203266
CA,2046,1.7632733846161066
CO,2046,1.9553043965836638
CT,2046,1.369918801150635
DE,2046,1.3961885976290318
FL,2046,1.584265627657415
GA,2046,1.4574292423927455
IA,2046,1.713828263005472
ID,2046,2.057435710293334
IL,2046,1.2705025382488597
IN,2046,1.265446343544534
KS,2046,1.4482583350394274
KY,2046,0.9870622943779442
LA,2046,1.6823455555217903
MA,2046,1.402485758303432
MD,2046,1.2761410345646305
ME,2046,1.5479180665912204
MI,2046,1.3147158343833667
MN,2046,1.3949788744375011
MO,2046,1.2825241442778
MS,2046,1.2619919632196959
MT,2046,2.0474544817430527
NC,2046,1.412298894727539
ND,2046,3.094470396364884
NE,2046,1.6011401334574973
NH,2046,1.4972082662142028
NJ,2046,1.347056168174986
NM,2046,2.343126475704531
NV,2046,2.141288776130809
NY,2046,1.426412451281801
OH,2046,1.3281500357366658
OK,2046,1.7882684329406429
OR,2046,2.1717434378884604
PA,2046,1.3494540935890913
RI,2046,1.5113912456560872
SC,2046,1.426398465983629
SD,2046,1.6911294786187783
TN,2046,1.2393993190463393
TX,2046,2.0742437131359184
UT,2046,2.210474144374278
VA,2046,1.6811966533623681
VT,2046,1.4936204723467499
WA,2046,1.7040494314914305
WI,2046,1.394059655266915
WV,2046,1.4422296101633896
WY,2046,1.7789635341993917
AL,2047,1.219737030160924
AR,2047,1.5396392284042504
AZ,2047,2.2987924970027764
CA,2047,1.7916657016790858
CO,2047,1.9948677157192798
CT,2047,1.3862135162673146
DE,2047,1.4142734778891175
FL,2047,1.604786676335945
GA,2047,1.4763073748893007
IA,2047,1.735887293081675
ID,2047,2.099065538237039
IL,2047,1.2849574460554447
IN,2047,1.2798437254303887
KS,2047,1.466899160879656
KY,2047,0.9954567589172559
LA,2047,1.700554736678387
MA,2047,1.4191678462254023
MD,2047,1.292670934496685
ME,2047,1.5663300220282
MI,2047,1.32967377079494
MN,2047,1.4129339295682417
MO,2047,1.299031771840475
MS,2047,1.2727245652494599
MT,2047,2.0888823510908527
NC,2047,1.4305924522354379
ND,2047,3.1342999504787987
NE,2047,1.6217487318349193
NH,2047,1.5150170459373564
NJ,2047,1.364073821102865
NM,2047,2.3905369252976376
NV,2047,2.184615273713279
NY,2047,1.4444326293570817
OH,2047,1.343260817291142
OK,2047,1.807624090133163
OR,2047,2.2067129603720077
PA,2047,1.366502040029155
RI,2047,1.529368727063835
SC,2047,1.444874655736425
SD,2047,1.7128963480518833
TN,2047,1.249939782088075
TX,2047,2.0966946771554413
UT,2047,2.2552005277280447
VA,2047,1.7029732530433477
VT,2047,1.5113865764902135
WA,2047,1.7314881214711058
WI,2047,1.4099203113357626
WV,2047,1.4609108612863737
WY,2047,1.8149588002853911
AL,2048,1.2317148948490497
AR,2048,1.5583255975766608
AZ,2048,2.345435449072537
CA,2048,1.8199026505340936
CO,2048,2.0353439741771977
CT,2048,1.402132784783872
DE,2048,1.4336893865460314
FL,2048,1.6268180528757048
GA,2048,1.4965749183230934
IA,2048,1.7587403980278122
ID,2048,2.1416559910155866
IL,2048,1.29913588300876
IN,2048,1.293965736728752
KS,2048,1.486211014018157
KY,2048,1.005232182690049
LA,2048,1.7211941131123059
MA,2048,1.4354655620888004
MD,2048,1.3104174178890595
ME,2048,1.584317747521856
MI,2048,1.3443456152093736
MN,2048,1.431535325812728
MO,2048,1.316133636419214
MS,2048,1.2852227695761747
MT,2048,2.131266184998582
NC,2048,1.4502323965687862
ND,2048,3.175563277877091
NE,2048,1.6430991928427265
NH,2048,1.5324154934913676
NJ,2048,1.38127334414586
NM,2048,2.4390413898689416
NV,2048,2.2289415474572256
NY,2048,1.4626453916785485
OH,2048,1.3580825834658015
OK,2048,1.8295629511663283
OR,2048,2.2414911229172367
PA,2048,1.3837321803354756
RI,2048,1.54693198924621
SC,2048,1.464710673858139
SD,2048,1.735446775236814
TN,2048,1.262214238965211
TX,2048,2.122141944317997
UT,2048,2.300958990164157
VA,2048,1.726352587834811
VT,2048,1.5287433317527472
WA,2048,1.7587766616732279
WI,2048,1.425477609598705
WV,2048,1.480967033082062
WY,2048,1.851784671450656
AL,2049,1.244979109675529
AR,2049,1.5786248468988584
AZ,2049,2.3917665951645453
CA,2049,1.8478143167367915
CO,2049,2.0755496507190023
CT,2049,1.4187683531750688
DE,2049,1.4543468081118804
FL,2049,1.6502581833841332
GA,2049,1.5181384308124732
IA,2049,1.782404236282727
ID,2049,2.1839617285867505
IL,2049,1.313164168478987
IN,2049,1.3079381940990185
KS,2049,1.5062079715497156
KY,2049,1.0160574277832533
LA,2049,1.7436149399846224
MA,2049,1.4524966063597013
MD,2049,1.3292986660049997
ME,2049,1.603114844721426
MI,2049,1.3588620828918212
MN,2049,1.4507966223885138
MO,2049,1.3338422041697484
MS,2049,1.299063205367633
MT,2049,2.1733666849365245
NC,2049,1.4711281793411946
ND,2049,3.2182904568627997
NE,2049,1.6652070795892937
NH,2049,1.5505967977318462
NJ,2049,1.3984052186527907
NM,2049,2.487221604337499
NV,2049,2.2729715021109014
NY,2049,1.4807865202282144
OH,2049,1.3727473852176233
OK,2049,1.8533954253001905
OR,2049,2.275868649649678
PA,2049,1.4008945516830296
RI,2049,1.5652855240775077
SC,2049,1.4858150679799234
SD,2049,1.7587971979798571
TN,2049,1.275806898185856
TX,2049,2.149785646309285
UT,2049,2.346411559394818
VA,2049,1.7512268691909096
VT,2049,1.54688106772465
WA,2049,1.7857508446556594
WI,2049,1.4408701540587614
WV,2049,1.502305658180769
WY,2049,1.8883643633700598
AL,2050,1.2591951662565775
AR,2050,1.6011924819368635
AZ,2050,2.438534756896891
CA,2050,1.8755706622904411
CO,2050,2.116134564792385
CT,2050,1.4359888387325468
DE,2050,1.4766208584427603
FL,2050,1.6755327146242887
GA,2050,1.5413894818193925
IA,2050,1.8060719988270366
ID,2050,2.2266665123839218
IL,2050,1.3271470054292556
IN,2050,1.3218653838199341
KS,2050,1.5262082452740036
KY,2050,1.0276594938506316
LA,2050,1.7685412330742605
MA,2050,1.4701264729803707
MD,2050,1.3496575413614262
ME,2050,1.6225728598150977
MI,2050,1.3733315204526915
MN,2050,1.4700611131587944
MO,2050,1.3515537086182043
MS,2050,1.3138968326038984
MT,2050,2.215864295209324
NC,2050,1.4936592447838055
ND,2050,3.261024721504417
NE,2050,1.687318632594249
NH,2050,1.5694173681942873
NJ,2050,1.416184373589482
NM,2050,2.5358562756683103
NV,2050,2.3174167665604712
NY,2050,1.4996130610764136
OH,2050,1.387364676278526
OK,2050,1.8798911133805154
OR,2050,2.3100548750199583
PA,2050,1.4187053556990028
RI,2050,1.5842843808678946
SC,2050,1.50857107048357
SD,2050,1.7821514930370765
TN,2050,1.290374968372856
TX,2050,2.1805184565593936
UT,2050,2.3922928571444726
VA,2050,1.7780477864628967
VT,2050,1.5656565380304792
WA,2050,1.8125749238220752
WI,2050,1.4562128301036374
WV,2050,1.525314222338947
WY,2050,1.9252890909476743
