name,from_lon,from_lat,to_lon,to_lat,polarity,voltage,cost_MUSD,length_miles
cross_sound_cable,-72.90222222,41.28666667,-72.8675,40.95916667,dc,500,158.9,25.01
cu,-101.15638889,47.37333333,-93.81,45.11111111,dc,500,902.03,417.1
neptune_cable,-73.55111111,40.76055556,-74.35308333,40.47371667,dc,500,779.16,61.47
pacific_dc_intertie,-121.11416667,45.59416667,-118.48916667,34.31083333,dc,500,2564.51,898.16
path_27,-112.58083333,39.50055556,-117.43722222,34.55111111,dc,500,1257.08,509.74
square_butte,-101.19583333,47.07166667,-92.29416667,46.77361111,dc,500,976.0,438.59
sunzia,-105.5939222,34.3491456,-111.5425066,32.8669515,dc,500,923.75,376.75
trans_bay_cable,-121.89666667,38.03083333,-122.38583333,37.75472222,dc,500,384.27,39.89
transwestexpress,-107.176147,41.747242,-112.590781,39.541825,dc,500,959.92,374.97
z134:p100~~p116,-78.27316353,38.77897424,-80.17476357,38.90026172,dc,500,324.56,108.32
z134:p101~~p102,-82.16153403,28.61064555,-80.53764432,26.73510998,dc,500,434.06,181.34
z134:p103~~p104,-84.61125526,43.8762499,-85.90412288,42.06614027,dc,500,348.74,153.74
z134:p103~~p105,-84.61125526,43.8762499,-86.25403168,40.72629479,dc,500,562.4,251.83
z134:p103~~p111,-84.61125526,43.8762499,-81.86700237,41.30455522,dc,500,631.54,272.49
z134:p103~~p122,-84.61125526,43.8762499,-76.28677225,40.53840825,dc,500,1374.18,584.27
z134:p103~~p127,-84.61125526,43.8762499,-75.58732565,42.99934248,dc,500,1511.49,646.29
z134:p103~~p134,-84.61125526,43.8762499,-69.23781577,45.35740733,dc,500,2418.6,1017.76
z134:p104~~p105,-85.90412288,42.06614027,-86.25403168,40.72629479,dc,500,223.84,98.65
z134:p105~~p106,-86.25403168,40.72629479,-86.095367,39.92694431,dc,500,143.37,62.16
z134:p105~~p107,-86.25403168,40.72629479,-86.32272656,38.88485934,dc,500,312.27,133.06
z134:p105~~p112,-86.25403168,40.72629479,-82.80095864,40.13748215,dc,500,438.1,193.02
z134:p105~~p127,-86.25403168,40.72629479,-75.58732565,42.99934248,dc,500,1407.87,620.0
z134:p105~~p131,-86.25403168,40.72629479,-71.79474674,42.25461052,dc,500,1942.35,823.83
z134:p106~~p107,-86.095367,39.92694431,-86.32272656,38.88485934,dc,500,202.97,76.98
z134:p107~~p108,-86.32272656,38.88485934,-87.22105398,37.51815832,dc,500,255.86,115.58
z134:p107~~p109,-86.32272656,38.88485934,-84.52641444,37.82027791,dc,500,299.5,130.49
z134:p107~~p112,-86.32272656,38.88485934,-82.80095864,40.13748215,dc,500,558.77,229.97
z134:p107~~p114,-86.32272656,38.88485934,-84.25213261,39.20095459,dc,500,310.62,126.81
z134:p108~~p109,-87.22105398,37.51815832,-84.52641444,37.82027791,dc,500,352.04,158.42
z134:p109~~p110,-84.52641444,37.82027791,-82.88400715,37.58371161,dc,500,209.32,92.58
z134:p109~~p112,-84.52641444,37.82027791,-82.80095864,40.13748215,dc,500,473.6,207.54
z134:p109~~p114,-84.52641444,37.82027791,-84.25213261,39.20095459,dc,500,256.92,104.28
z134:p109~~p118,-84.52641444,37.82027791,-80.87858774,37.06974171,dc,500,508.9,214.02
z134:p10~~p11,-117.15992686,35.12105363,-116.73493496,33.03408966,dc,500,747.06,206.07
z134:p10~~p12,-117.15992686,35.12105363,-116.76501417,39.57265625,dc,500,971.2,389.62
z134:p10~~p13,-117.15992686,35.12105363,-115.01366961,36.21387654,dc,500,535.75,182.65
z134:p10~~p25,-117.15992686,35.12105363,-111.91422885,39.08215518,dc,500,1229.17,498.81
z134:p10~~p27,-117.15992686,35.12105363,-113.76209955,35.69784258,dc,500,640.15,270.73
z134:p10~~p28,-117.15992686,35.12105363,-111.61025637,34.16709078,dc,500,969.02,358.84
z134:p10~~p31,-117.15992686,35.12105363,-106.59023968,34.6065333,dc,500,1530.06,644.94
z134:p110~~p112,-82.88400715,37.58371161,-82.80095864,40.13748215,dc,500,425.3,185.55
z134:p110~~p117,-82.88400715,37.58371161,-81.70096999,38.00344574,dc,500,177.11,75.02
z134:p110~~p118,-82.88400715,37.58371161,-80.87858774,37.06974171,dc,500,300.48,121.44
z134:p111~~p112,-81.86700237,41.30455522,-82.80095864,40.13748215,dc,500,238.35,102.64
z134:p111~~p115,-81.86700237,41.30455522,-79.86932478,40.38084573,dc,500,358.67,136.8
z134:p111~~p116,-81.86700237,41.30455522,-80.17476357,38.90026172,dc,500,466.5,199.75
z134:p111~~p122,-81.86700237,41.30455522,-76.28677225,40.53840825,dc,500,773.37,305.83
z134:p112~~p113,-82.80095864,40.13748215,-83.93873496,39.75565377,dc,500,188.33,76.96
z134:p112~~p114,-82.80095864,40.13748215,-84.25213261,39.20095459,dc,500,280.95,114.55
z134:p112~~p115,-82.80095864,40.13748215,-79.86932478,40.38084573,dc,500,389.2,169.03
z134:p112~~p116,-82.80095864,40.13748215,-80.17476357,38.90026172,dc,500,400.93,177.04
z134:p112~~p117,-82.80095864,40.13748215,-81.70096999,38.00344574,dc,500,396.41,171.98
z134:p112~~p127,-82.80095864,40.13748215,-75.58732565,42.99934248,dc,500,1014.92,443.81
z134:p112~~p134,-82.80095864,40.13748215,-69.23781577,45.35740733,dc,500,1926.45,815.82
z134:p113~~p114,-83.93873496,39.75565377,-84.25213261,39.20095459,dc,500,113.91,45.24
z134:p115~~p116,-79.86932478,40.38084573,-80.17476357,38.90026172,dc,500,255.44,106.32
z134:p115~~p122,-79.86932478,40.38084573,-76.28677225,40.53840825,dc,500,487.54,201.28
z134:p116~~p117,-80.17476357,38.90026172,-81.70096999,38.00344574,dc,500,255.1,106.8
z134:p116~~p118,-80.17476357,38.90026172,-80.87858774,37.06974171,dc,500,350.2,139.04
z134:p116~~p120,-80.17476357,38.90026172,-77.86296392,39.92662364,dc,500,371.05,146.15
z134:p116~~p121,-80.17476357,38.90026172,-77.50609328,39.49881674,dc,500,409.67,159.97
z134:p117~~p118,-81.70096999,38.00344574,-80.87858774,37.06974171,dc,500,204.12,80.01
z134:p119~~p122,-77.99562482,41.33663796,-76.28677225,40.53840825,dc,500,282.43,113.22
z134:p120~~p121,-77.86296392,39.92662364,-77.50609328,39.49881674,dc,500,95.39,36.0
z134:p120~~p122,-77.86296392,39.92662364,-76.28677225,40.53840825,dc,500,251.05,97.42
z134:p121~~p122,-77.50609328,39.49881674,-76.28677225,40.53840825,dc,500,260.34,104.17
z134:p121~~p123,-77.50609328,39.49881674,-76.35304548,38.89366177,dc,500,338.7,87.56
z134:p122~~p123,-76.28677225,40.53840825,-76.35304548,38.89366177,dc,500,415.98,151.07
z134:p122~~p125,-76.28677225,40.53840825,-75.49933961,38.98534827,dc,500,339.35,126.74
z134:p122~~p126,-76.28677225,40.53840825,-74.66277334,40.17966937,dc,500,300.01,101.12
z134:p122~~p127,-76.28677225,40.53840825,-75.58732565,42.99934248,dc,500,433.2,180.61
z134:p122~~p131,-76.28677225,40.53840825,-71.79474674,42.25461052,dc,500,853.44,324.74
z134:p123~~p124,-76.35304548,38.89366177,-75.72664655,37.60377329,dc,500,452.1,147.65
z134:p123~~p125,-76.35304548,38.89366177,-75.49933961,38.98534827,dc,500,164.88,57.22
z134:p125~~p126,-75.49933961,38.98534827,-74.66277334,40.17966937,dc,500,311.06,107.96
z134:p126~~p127,-74.66277334,40.17966937,-75.58732565,42.99934248,dc,500,581.88,223.1
z134:p127~~p128,-75.58732565,42.99934248,-73.00505025,40.84011058,dc,500,1254.37,279.69
z134:p127~~p129,-75.58732565,42.99934248,-72.66583269,44.06877327,dc,500,446.75,180.27
z134:p127~~p131,-75.58732565,42.99934248,-71.79474674,42.25461052,dc,500,551.02,219.19
z134:p127~~p132,-75.58732565,42.99934248,-72.7264833,41.62044742,dc,500,532.61,204.97
z134:p127~~p134,-75.58732565,42.99934248,-69.23781577,45.35740733,dc,500,931.34,371.7
z134:p128~~p132,-73.00505025,40.84011058,-72.7264833,41.62044742,dc,500,184.17,58.12
z134:p129~~p130,-72.66583269,44.06877327,-71.58021877,43.67873388,dc,500,167.07,64.44
z134:p129~~p131,-72.66583269,44.06877327,-71.79474674,42.25461052,dc,500,403.91,144.82
z134:p12~~p13,-116.76501417,39.57265625,-115.01366961,36.21387654,dc,500,771.93,294.33
z134:p12~~p15,-116.76501417,39.57265625,-115.22499865,44.39350062,dc,500,1196.77,420.9
z134:p12~~p25,-116.76501417,39.57265625,-111.91422885,39.08215518,dc,500,748.84,322.11
z134:p130~~p131,-71.58021877,43.67873388,-71.79474674,42.25461052,dc,500,308.41,107.03
z134:p130~~p134,-71.58021877,43.67873388,-69.23781577,45.35740733,dc,500,430.39,176.67
z134:p131~~p132,-71.79474674,42.25461052,-72.7264833,41.62044742,dc,500,212.41,73.93
z134:p131~~p133,-71.79474674,42.25461052,-71.55359808,41.67561684,dc,500,142.02,46.69
z134:p132~~p133,-72.7264833,41.62044742,-71.55359808,41.67561684,dc,500,181.25,65.79
z134:p13~~p18,-115.01366961,36.21387654,-111.55656715,48.08647186,dc,500,2147.51,927.63
z134:p13~~p24,-115.01366961,36.21387654,-105.84340623,42.21713106,dc,500,1701.02,701.99
z134:p13~~p25,-115.01366961,36.21387654,-111.91422885,39.08215518,dc,500,704.13,294.46
z134:p13~~p27,-115.01366961,36.21387654,-113.76209955,35.69784258,dc,500,1925.9,809.29
z134:p13~~p28,-115.01366961,36.21387654,-111.61025637,34.16709078,dc,500,2135.78,829.56
z134:p13~~p31,-115.01366961,36.21387654,-106.59023968,34.6065333,dc,500,1844.96,778.25
z134:p13~~p61,-115.01366961,36.21387654,-102.52534008,30.80627576,dc,500,2647.4,1151.45
z134:p14~~p15,-116.62286863,47.60393639,-115.22499865,44.39350062,dc,500,2202.8,442.9
z134:p14~~p17,-116.62286863,47.60393639,-113.58090985,46.78287505,dc,500,944.95,210.58
z134:p15~~p16,-115.22499865,44.39350062,-112.43934162,43.04119611,dc,500,788.21,195.64
z134:p15~~p17,-115.22499865,44.39350062,-113.58090985,46.78287505,dc,500,1170.05,282.56
z134:p15~~p21,-115.22499865,44.39350062,-109.27122026,43.02938593,dc,500,1530.04,454.44
z134:p15~~p24,-115.22499865,44.39350062,-105.84340623,42.21713106,dc,500,1628.57,556.41
z134:p15~~p25,-115.22499865,44.39350062,-111.91422885,39.08215518,dc,500,1446.65,477.5
z134:p15~~p31,-115.22499865,44.39350062,-106.59023968,34.6065333,dc,500,2582.65,941.44
z134:p16~~p17,-112.43934162,43.04119611,-113.58090985,46.78287505,dc,500,735.53,307.72
z134:p16~~p18,-112.43934162,43.04119611,-111.55656715,48.08647186,dc,500,909.66,384.91
z134:p16~~p21,-112.43934162,43.04119611,-109.27122026,43.02938593,dc,500,825.34,259.38
z134:p16~~p25,-112.43934162,43.04119611,-111.91422885,39.08215518,dc,500,784.39,304.71
z134:p17~~p18,-113.58090985,46.78287505,-111.55656715,48.08647186,dc,500,347.43,147.47
z134:p17~~p20,-113.58090985,46.78287505,-108.01220465,46.44019682,dc,500,684.74,288.5
z134:p18~~p19,-111.55656715,48.08647186,-106.82890126,47.83145626,dc,500,516.63,236.42
z134:p18~~p20,-111.55656715,48.08647186,-108.01220465,46.44019682,dc,500,460.55,206.46
z134:p18~~p21,-111.55656715,48.08647186,-109.27122026,43.02938593,dc,500,1039.98,411.18
z134:p18~~p22,-111.55656715,48.08647186,-106.69473738,44.32138902,dc,500,819.54,371.29
z134:p18~~p25,-111.55656715,48.08647186,-111.91422885,39.08215518,dc,500,1690.84,689.43
z134:p18~~p33,-111.55656715,48.08647186,-105.87875049,40.04403731,dc,500,1566.52,684.14
z134:p18~~p41,-111.55656715,48.08647186,-96.33443022,40.9564524,dc,500,2011.96,934.6
z134:p18~~p43,-111.55656715,48.08647186,-93.66196443,46.24990794,dc,500,1971.91,915.37
z134:p1~~p18,-121.52720518,47.80413219,-111.55656715,48.08647186,dc,500,2070.46,606.83
z134:p1~~p2,-121.52720518,47.80413219,-121.52605782,46.63558835,dc,500,663.6,124.08
z134:p1~~p25,-121.52720518,47.80413219,-111.91422885,39.08215518,dc,500,2269.37,852.9
z134:p1~~p4,-121.52720518,47.80413219,-119.54845201,47.41580274,dc,500,663.47,111.37
z134:p1~~p9,-121.52720518,47.80413219,-121.38102184,38.35087876,dc,500,2135.76,762.8
z134:p20~~p35,-108.01220465,46.44019682,-105.02376919,47.140418,dc,500,344.12,160.06
z134:p21~~p24,-109.27122026,43.02938593,-105.84340623,42.21713106,dc,500,534.32,197.48
z134:p21~~p25,-109.27122026,43.02938593,-111.91422885,39.08215518,dc,500,1161.57,403.98
z134:p21~~p26,-109.27122026,43.02938593,-110.32728203,40.50195126,dc,500,770.31,272.32
z134:p22~~p23,-106.69473738,44.32138902,-105.03634161,44.24703513,dc,500,190.02,86.66
z134:p22~~p24,-106.69473738,44.32138902,-105.84340623,42.21713106,dc,500,360.45,160.89
z134:p23~~p24,-105.03634161,44.24703513,-105.84340623,42.21713106,dc,500,354.98,158.61
z134:p23~~p32,-105.03634161,44.24703513,-103.3188474,44.05686287,dc,500,229.94,92.37
z134:p24~~p25,-105.84340623,42.21713106,-111.91422885,39.08215518,dc,500,1042.17,419.62
z134:p24~~p28,-105.84340623,42.21713106,-111.61025637,34.16709078,dc,500,1663.78,701.69
z134:p24~~p32,-105.84340623,42.21713106,-103.3188474,44.05686287,dc,500,437.14,185.9
z134:p24~~p33,-105.84340623,42.21713106,-105.87875049,40.04403731,dc,500,450.7,189.42
z134:p24~~p39,-105.84340623,42.21713106,-102.67501629,41.72626681,dc,500,391.38,178.45
z134:p24~~p41,-105.84340623,42.21713106,-96.33443022,40.9564524,dc,500,1147.36,530.51
z134:p24~~p43,-105.84340623,42.21713106,-93.66196443,46.24990794,dc,500,1555.95,718.81
z134:p24~~p50,-105.84340623,42.21713106,-97.47898472,35.29751298,dc,500,1482.07,682.33
z134:p24~~p63,-105.84340623,42.21713106,-97.11394036,32.36521363,dc,500,1943.06,895.02
z134:p24~~p76,-105.84340623,42.21713106,-89.1038466,44.08576245,dc,500,1963.3,892.76
z134:p24~~p80,-105.84340623,42.21713106,-88.78740634,41.76755631,dc,500,1981.26,889.39
z134:p25~~p26,-111.91422885,39.08215518,-110.32728203,40.50195126,dc,500,422.68,139.9
z134:p25~~p28,-111.91422885,39.08215518,-111.61025637,34.16709078,dc,500,1260.54,497.78
z134:p25~~p31,-111.91422885,39.08215518,-106.59023968,34.6065333,dc,500,1158.97,484.55
z134:p25~~p33,-111.91422885,39.08215518,-105.87875049,40.04403731,dc,500,978.35,367.94
z134:p25~~p37,-111.91422885,39.08215518,-99.0387572,47.69809765,dc,500,2168.51,926.4
z134:p25~~p38,-111.91422885,39.08215518,-99.80784462,44.48705973,dc,500,1833.35,788.63
z134:p25~~p41,-111.91422885,39.08215518,-96.33443022,40.9564524,dc,500,2077.98,885.76
z134:p25~~p45,-111.91422885,39.08215518,-95.03227389,42.42197121,dc,500,2234.68,965.92
z134:p25~~p50,-111.91422885,39.08215518,-97.47898472,35.29751298,dc,500,2188.96,957.35
z134:p25~~p53,-111.91422885,39.08215518,-97.49793745,38.39157084,dc,500,2088.77,896.0
z134:p25~~p54,-111.91422885,39.08215518,-93.97419616,39.67019964,dc,500,2418.82,1046.43
z134:p25~~p61,-111.91422885,39.08215518,-102.52534008,30.80627576,dc,500,1961.41,857.75
z134:p26~~p33,-110.32728203,40.50195126,-105.87875049,40.04403731,dc,500,626.19,257.03
z134:p27~~p28,-113.76209955,35.69784258,-111.61025637,34.16709078,dc,500,504.06,172.81
z134:p28~~p29,-111.61025637,34.16709078,-109.48843324,35.38468623,dc,500,649.22,213.32
z134:p28~~p30,-111.61025637,34.16709078,-111.67656486,32.0319002,dc,500,557.5,174.41
z134:p28~~p31,-111.61025637,34.16709078,-106.59023968,34.6065333,dc,500,1010.47,372.53
z134:p28~~p53,-111.61025637,34.16709078,-97.49793745,38.39157084,dc,500,2296.54,956.29
z134:p28~~p61,-111.61025637,34.16709078,-102.52534008,30.80627576,dc,500,1637.31,656.77
z134:p29~~p30,-109.48843324,35.38468623,-111.67656486,32.0319002,dc,500,682.92,290.04
z134:p29~~p31,-109.48843324,35.38468623,-106.59023968,34.6065333,dc,500,420.49,185.82
z134:p2~~p14,-121.52605782,46.63558835,-116.62286863,47.60393639,dc,500,803.28,257.18
z134:p2~~p3,-121.52605782,46.63558835,-118.4775817,47.8997302,dc,500,644.35,189.56
z134:p2~~p4,-121.52605782,46.63558835,-119.54845201,47.41580274,dc,500,503.55,123.29
z134:p2~~p5,-121.52605782,46.63558835,-120.84858533,44.8758229,dc,500,551.93,149.91
z134:p31~~p33,-106.59023968,34.6065333,-105.87875049,40.04403731,dc,500,1389.5,459.81
z134:p31~~p34,-106.59023968,34.6065333,-105.27644256,38.11411763,dc,500,739.47,278.03
z134:p31~~p41,-106.59023968,34.6065333,-96.33443022,40.9564524,dc,500,1643.2,755.52
z134:p31~~p47,-106.59023968,34.6065333,-103.91132463,33.46127096,dc,500,408.83,186.97
z134:p31~~p48,-106.59023968,34.6065333,-101.7996265,34.84980919,dc,500,611.47,279.44
z134:p31~~p50,-106.59023968,34.6065333,-97.47898472,35.29751298,dc,500,1157.89,532.1
z134:p31~~p59,-106.59023968,34.6065333,-106.23450948,31.76851457,dc,500,480.96,209.15
z134:p31~~p63,-106.59023968,34.6065333,-97.11394036,32.36521363,dc,500,1339.62,614.82
z134:p31~~p87,-106.59023968,34.6065333,-89.93377714,32.30945125,dc,500,2256.23,1032.93
z134:p32~~p38,-103.3188474,44.05686287,-99.80784462,44.48705973,dc,500,401.84,184.36
z134:p33~~p34,-105.87875049,40.04403731,-105.27644256,38.11411763,dc,500,728.13,148.77
z134:p33~~p37,-105.87875049,40.04403731,-99.0387572,47.69809765,dc,500,1866.16,719.24
z134:p33~~p38,-105.87875049,40.04403731,-99.80784462,44.48705973,dc,500,1364.47,481.74
z134:p33~~p45,-105.87875049,40.04403731,-95.03227389,42.42197121,dc,500,1732.31,651.01
z134:p33~~p53,-105.87875049,40.04403731,-97.49793745,38.39157084,dc,500,1432.98,511.54
z134:p33~~p54,-105.87875049,40.04403731,-93.97419616,39.67019964,dc,500,1766.68,666.88
z134:p33~~p61,-105.87875049,40.04403731,-102.52534008,30.80627576,dc,500,1863.58,713.33
z134:p33~~p80,-105.87875049,40.04403731,-88.78740634,41.76755631,dc,500,2421.45,958.59
z134:p33~~p81,-105.87875049,40.04403731,-89.78738098,39.32261591,dc,500,2275.85,895.56
z134:p33~~p85,-105.87875049,40.04403731,-92.02206131,34.67614755,dc,500,2336.02,924.21
z134:p34~~p52,-105.27644256,38.11411763,-101.03458436,38.75868385,dc,500,599.61,244.26
z134:p35~~p36,-105.02376919,47.140418,-102.05522753,47.14542311,dc,500,308.99,144.73
z134:p36~~p37,-102.05522753,47.14542311,-99.0387572,47.69809765,dc,500,334.98,156.83
z134:p36~~p38,-102.05522753,47.14542311,-99.80784462,44.48705973,dc,500,488.55,229.78
z134:p37~~p103,-99.0387572,47.69809765,-84.61125526,43.8762499,dc,500,2264.24,1002.28
z134:p37~~p112,-99.0387572,47.69809765,-82.80095864,40.13748215,dc,500,2303.81,1032.74
z134:p37~~p38,-99.0387572,47.69809765,-99.80784462,44.48705973,dc,500,507.88,238.54
z134:p37~~p41,-99.0387572,47.69809765,-96.33443022,40.9564524,dc,500,1125.19,520.74
z134:p37~~p42,-99.0387572,47.69809765,-95.4965009,48.01572924,dc,500,378.66,174.48
z134:p37~~p43,-99.0387572,47.69809765,-93.66196443,46.24990794,dc,500,653.92,300.29
z134:p37~~p50,-99.0387572,47.69809765,-97.47898472,35.29751298,dc,500,1930.09,890.1
z134:p37~~p80,-99.0387572,47.69809765,-88.78740634,41.76755631,dc,500,1503.49,678.55
z134:p37~~p92,-99.0387572,47.69809765,-86.34952583,35.85850386,dc,500,2413.7,1079.74
z134:p38~~p103,-99.80784462,44.48705973,-84.61125526,43.8762499,dc,500,2152.8,955.57
z134:p38~~p112,-99.80784462,44.48705973,-82.80095864,40.13748215,dc,500,2191.72,985.94
z134:p38~~p39,-99.80784462,44.48705973,-102.67501629,41.72626681,dc,500,527.82,247.34
z134:p38~~p40,-99.80784462,44.48705973,-99.17013321,41.52133825,dc,500,469.6,219.58
z134:p38~~p43,-99.80784462,44.48705973,-93.66196443,46.24990794,dc,500,758.59,349.79
z134:p38~~p44,-99.80784462,44.48705973,-95.74043708,44.41229814,dc,500,442.93,204.32
z134:p38~~p45,-99.80784462,44.48705973,-95.03227389,42.42197121,dc,500,651.07,297.68
z134:p38~~p50,-99.80784462,44.48705973,-97.47898472,35.29751298,dc,500,1491.3,688.06
z134:p38~~p63,-99.80784462,44.48705973,-97.11394036,32.36521363,dc,500,1959.17,900.82
z134:p38~~p76,-99.80784462,44.48705973,-89.1038466,44.08576245,dc,500,1206.34,543.23
z134:p38~~p80,-99.80784462,44.48705973,-88.78740634,41.76755631,dc,500,1392.13,631.84
z134:p38~~p87,-99.80784462,44.48705973,-89.93377714,32.30945125,dc,500,2346.07,1065.83
z134:p38~~p92,-99.80784462,44.48705973,-86.34952583,35.85850386,dc,500,2179.69,976.28
z134:p39~~p40,-102.67501629,41.72626681,-99.17013321,41.52133825,dc,500,403.81,188.91
z134:p3~~p14,-118.4775817,47.8997302,-116.62286863,47.60393639,dc,500,253.39,104.17
z134:p3~~p17,-118.4775817,47.8997302,-113.58090985,46.78287505,dc,500,1022.65,283.36
z134:p3~~p4,-118.4775817,47.8997302,-119.54845201,47.41580274,dc,500,143.62,66.3
z134:p3~~p5,-118.4775817,47.8997302,-120.84858533,44.8758229,dc,500,547.6,249.1
z134:p40~~p41,-99.17013321,41.52133825,-96.33443022,40.9564524,dc,500,354.43,163.19
z134:p40~~p45,-99.17013321,41.52133825,-95.03227389,42.42197121,dc,500,520.35,237.24
z134:p40~~p52,-99.17013321,41.52133825,-101.03458436,38.75868385,dc,500,495.87,231.82
z134:p41~~p105,-96.33443022,40.9564524,-86.25403168,40.72629479,dc,500,1202.56,530.54
z134:p41~~p45,-96.33443022,40.9564524,-95.03227389,42.42197121,dc,500,299.52,129.87
z134:p41~~p53,-96.33443022,40.9564524,-97.49793745,38.39157084,dc,500,440.73,204.1
z134:p41~~p54,-96.33443022,40.9564524,-93.97419616,39.67019964,dc,500,353.99,161.14
z134:p41~~p61,-96.33443022,40.9564524,-102.52534008,30.80627576,dc,500,1809.97,845.09
z134:p41~~p70,-96.33443022,40.9564524,-92.64864641,41.54815458,dc,500,470.88,208.27
z134:p41~~p80,-96.33443022,40.9564524,-88.78740634,41.76755631,dc,500,938.91,416.41
z134:p41~~p81,-96.33443022,40.9564524,-89.78738098,39.32261591,dc,500,859.21,389.68
z134:p41~~p85,-96.33443022,40.9564524,-92.02206131,34.67614755,dc,500,1197.61,534.13
z134:p41~~p94,-96.33443022,40.9564524,-83.43553366,32.63997261,dc,500,2169.44,966.04
z134:p42~~p43,-95.4965009,48.01572924,-93.66196443,46.24990794,dc,500,391.04,168.51
z134:p43~~p105,-93.66196443,46.24990794,-86.25403168,40.72629479,dc,500,1318.94,577.73
z134:p43~~p44,-93.66196443,46.24990794,-95.74043708,44.41229814,dc,500,377.77,170.82
z134:p43~~p46,-93.66196443,46.24990794,-91.36892425,45.47227184,dc,500,351.63,155.04
z134:p43~~p53,-93.66196443,46.24990794,-97.49793745,38.39157084,dc,500,1377.16,627.4
z134:p43~~p54,-93.66196443,46.24990794,-93.97419616,39.67019964,dc,500,1066.75,467.67
z134:p43~~p68,-93.66196443,46.24990794,-93.78878598,43.84993423,dc,500,399.45,174.67
z134:p43~~p80,-93.66196443,46.24990794,-88.78740634,41.76755631,dc,500,943.5,414.99
z134:p43~~p81,-93.66196443,46.24990794,-89.78738098,39.32261591,dc,500,1282.21,571.74
z134:p43~~p85,-93.66196443,46.24990794,-92.02206131,34.67614755,dc,500,1932.01,857.36
z134:p44~~p45,-95.74043708,44.41229814,-95.03227389,42.42197121,dc,500,342.61,152.91
z134:p44~~p68,-95.74043708,44.41229814,-93.78878598,43.84993423,dc,500,247.93,112.81
z134:p45~~p103,-95.03227389,42.42197121,-84.61125526,43.8762499,dc,500,1526.18,657.78
z134:p45~~p112,-95.03227389,42.42197121,-82.80095864,40.13748215,dc,500,1558.89,688.27
z134:p45~~p50,-95.03227389,42.42197121,-97.47898472,35.29751298,dc,500,1213.36,550.89
z134:p45~~p54,-95.03227389,42.42197121,-93.97419616,39.67019964,dc,500,476.13,214.48
z134:p45~~p63,-95.03227389,42.42197121,-97.11394036,32.36521363,dc,500,1672.03,752.39
z134:p45~~p68,-95.03227389,42.42197121,-93.78878598,43.84993423,dc,500,281.32,125.36
z134:p45~~p69,-95.03227389,42.42197121,-92.13437773,42.92060401,dc,500,367.84,161.69
z134:p45~~p70,-95.03227389,42.42197121,-92.64864641,41.54815458,dc,500,338.94,147.2
z134:p45~~p80,-95.03227389,42.42197121,-88.78740634,41.76755631,dc,500,767.21,333.89
z134:p45~~p87,-95.03227389,42.42197121,-89.93377714,32.30945125,dc,500,1810.96,820.89
z134:p45~~p92,-95.03227389,42.42197121,-86.34952583,35.85850386,dc,500,1546.03,679.03
z134:p45~~p94,-95.03227389,42.42197121,-83.43553366,32.63997261,dc,500,2227.24,966.52
z134:p46~~p68,-91.36892425,45.47227184,-93.78878598,43.84993423,dc,500,376.55,166.58
z134:p46~~p74,-91.36892425,45.47227184,-88.14757936,46.39738399,dc,500,432.1,185.13
z134:p46~~p75,-91.36892425,45.47227184,-88.85996946,45.20926475,dc,500,295.32,130.14
z134:p46~~p76,-91.36892425,45.47227184,-89.1038466,44.08576245,dc,500,343.49,153.86
z134:p46~~p77,-91.36892425,45.47227184,-90.52129625,43.41085624,dc,500,358.52,160.92
z134:p47~~p48,-103.91132463,33.46127096,-101.7996265,34.84980919,dc,500,348.89,162.97
z134:p48~~p49,-101.7996265,34.84980919,-101.49888204,36.75146918,dc,500,301.54,141.25
z134:p48~~p50,-101.7996265,34.84980919,-97.47898472,35.29751298,dc,500,547.37,252.85
z134:p49~~p50,-101.49888204,36.75146918,-97.47898472,35.29751298,dc,500,571.81,264.62
z134:p49~~p52,-101.49888204,36.75146918,-101.03458436,38.75868385,dc,500,323.56,151.75
z134:p49~~p53,-101.49888204,36.75146918,-97.49793745,38.39157084,dc,500,565.77,265.51
z134:p50~~p105,-97.47898472,35.29751298,-86.25403168,40.72629479,dc,500,1693.76,758.38
z134:p50~~p51,-97.47898472,35.29751298,-95.63177773,36.27624442,dc,500,305.96,132.03
z134:p50~~p53,-97.47898472,35.29751298,-97.49793745,38.39157084,dc,500,502.04,224.61
z134:p50~~p56,-97.47898472,35.29751298,-93.59505047,35.48090299,dc,500,503.13,224.47
z134:p50~~p57,-97.47898472,35.29751298,-94.52500088,32.84787479,dc,500,548.83,243.56
z134:p50~~p60,-97.47898472,35.29751298,-100.4866502,33.41132391,dc,500,492.07,226.67
z134:p50~~p61,-97.47898472,35.29751298,-102.52534008,30.80627576,dc,500,933.23,427.81
z134:p50~~p80,-97.47898472,35.29751298,-88.78740634,41.76755631,dc,500,1478.18,659.47
z134:p50~~p81,-97.47898472,35.29751298,-89.78738098,39.32261591,dc,500,1194.75,534.56
z134:p50~~p85,-97.47898472,35.29751298,-92.02206131,34.67614755,dc,500,731.43,326.79
z134:p50~~p94,-97.47898472,35.29751298,-83.43553366,32.63997261,dc,500,1960.38,869.66
z134:p51~~p53,-95.63177773,36.27624442,-97.49793745,38.39157084,dc,500,412.39,189.65
z134:p51~~p55,-95.63177773,36.27624442,-93.62367343,37.38722214,dc,500,313.42,141.79
z134:p51~~p56,-95.63177773,36.27624442,-93.59505047,35.48090299,dc,500,307.65,136.31
z134:p52~~p53,-101.03458436,38.75868385,-97.49793745,38.39157084,dc,500,431.15,201.96
z134:p53~~p103,-97.49793745,38.39157084,-84.61125526,43.8762499,dc,500,1919.12,858.2
z134:p53~~p112,-97.49793745,38.39157084,-82.80095864,40.13748215,dc,500,1883.24,847.1
z134:p53~~p54,-97.49793745,38.39157084,-93.97419616,39.67019964,dc,500,489.05,224.6
z134:p53~~p55,-97.49793745,38.39157084,-93.62367343,37.38722214,dc,500,513.86,238.55
z134:p53~~p58,-97.49793745,38.39157084,-91.97834975,30.79723643,dc,500,1448.79,660.34
z134:p53~~p63,-97.49793745,38.39157084,-97.11394036,32.36521363,dc,500,991.58,437.57
z134:p53~~p76,-97.49793745,38.39157084,-89.1038466,44.08576245,dc,500,1425.81,635.81
z134:p53~~p80,-97.49793745,38.39157084,-88.78740634,41.76755631,dc,500,1212.0,553.0
z134:p53~~p87,-97.49793745,38.39157084,-89.93377714,32.30945125,dc,500,1394.03,618.97
z134:p53~~p92,-97.49793745,38.39157084,-86.34952583,35.85850386,dc,500,1526.26,688.82
z134:p53~~p94,-97.49793745,38.39157084,-83.43553366,32.63997261,dc,500,2117.81,953.89
z134:p54~~p103,-93.97419616,39.67019964,-84.61125526,43.8762499,dc,500,1432.55,633.6
z134:p54~~p112,-93.97419616,39.67019964,-82.80095864,40.13748215,dc,500,1395.15,622.46
z134:p54~~p55,-93.97419616,39.67019964,-93.62367343,37.38722214,dc,500,373.15,169.19
z134:p54~~p58,-93.97419616,39.67019964,-91.97834975,30.79723643,dc,500,1508.87,680.72
z134:p54~~p63,-93.97419616,39.67019964,-97.11394036,32.36521363,dc,500,1302.38,582.34
z134:p54~~p70,-93.97419616,39.67019964,-92.64864641,41.54815458,dc,500,356.08,159.67
z134:p54~~p71,-93.97419616,39.67019964,-92.08030575,39.98046911,dc,500,240.22,109.34
z134:p54~~p72,-93.97419616,39.67019964,-91.35906588,38.50342187,dc,500,387.06,173.59
z134:p54~~p76,-93.97419616,39.67019964,-89.1038466,44.08576245,dc,500,954.09,417.77
z134:p54~~p80,-93.97419616,39.67019964,-88.78740634,41.76755631,dc,500,725.43,328.4
z134:p54~~p87,-93.97419616,39.67019964,-89.93377714,32.30945125,dc,500,1335.01,606.41
z134:p54~~p92,-93.97419616,39.67019964,-86.34952583,35.85850386,dc,500,1215.24,538.48
z134:p54~~p94,-93.97419616,39.67019964,-83.43553366,32.63997261,dc,500,1818.99,805.59
z134:p55~~p56,-93.62367343,37.38722214,-93.59505047,35.48090299,dc,500,314.55,136.44
z134:p55~~p72,-93.62367343,37.38722214,-91.35906588,38.50342187,dc,500,340.84,153.56
z134:p55~~p84,-93.62367343,37.38722214,-91.29496646,37.06420364,dc,500,307.18,135.72
z134:p55~~p85,-93.62367343,37.38722214,-92.02206131,34.67614755,dc,500,522.15,227.12
z134:p56~~p85,-93.59505047,35.48090299,-92.02206131,34.67614755,dc,500,256.62,114.32
z134:p57~~p58,-94.52500088,32.84787479,-91.97834975,30.79723643,dc,500,479.76,214.98
z134:p57~~p63,-94.52500088,32.84787479,-97.11394036,32.36521363,dc,500,373.1,164.46
z134:p57~~p66,-94.52500088,32.84787479,-94.50491404,30.70473578,dc,500,356.15,155.78
z134:p57~~p85,-94.52500088,32.84787479,-92.02206131,34.67614755,dc,500,447.06,199.28
z134:p58~~p101,-91.97834975,30.79723643,-82.16153403,28.61064555,dc,500,1609.76,695.25
z134:p58~~p105,-91.97834975,30.79723643,-86.25403168,40.72629479,dc,500,1807.29,827.17
z134:p58~~p61,-91.97834975,30.79723643,-102.52534008,30.80627576,dc,500,1452.52,638.04
z134:p58~~p66,-91.97834975,30.79723643,-94.50491404,30.70473578,dc,500,372.84,162.69
z134:p58~~p80,-91.97834975,30.79723643,-88.78740634,41.76755631,dc,500,1837.59,831.78
z134:p58~~p81,-91.97834975,30.79723643,-89.78738098,39.32261591,dc,500,1415.81,642.33
z134:p58~~p85,-91.97834975,30.79723643,-92.02206131,34.67614755,dc,500,635.76,286.18
z134:p58~~p86,-91.97834975,30.79723643,-91.93563781,32.55385405,dc,500,294.7,132.86
z134:p58~~p87,-91.97834975,30.79723643,-89.93377714,32.30945125,dc,500,395.18,170.02
z134:p58~~p94,-91.97834975,30.79723643,-83.43553366,32.63997261,dc,500,1282.45,566.42
z134:p58~~p98,-91.97834975,30.79723643,-77.99872674,35.44202442,dc,500,2128.41,941.43
z134:p5~~p13,-120.84858533,44.8758229,-115.01366961,36.21387654,dc,500,1811.1,754.92
z134:p5~~p14,-120.84858533,44.8758229,-116.62286863,47.60393639,dc,500,659.12,299.7
z134:p5~~p15,-120.84858533,44.8758229,-115.22499865,44.39350062,dc,500,869.18,314.67
z134:p5~~p18,-120.84858533,44.8758229,-111.55656715,48.08647186,dc,500,1645.53,562.9
z134:p5~~p25,-120.84858533,44.8758229,-111.91422885,39.08215518,dc,500,1507.63,662.09
z134:p5~~p6,-120.84858533,44.8758229,-122.80414235,42.80374842,dc,500,591.75,194.02
z134:p5~~p7,-120.84858533,44.8758229,-118.7982225,43.19385721,dc,500,413.22,178.94
z134:p5~~p9,-120.84858533,44.8758229,-121.38102184,38.35087876,dc,500,1247.7,516.38
z134:p60~~p61,-100.4866502,33.41132391,-102.52534008,30.80627576,dc,500,490.51,226.73
z134:p60~~p62,-100.4866502,33.41132391,-102.35242639,31.79268173,dc,500,349.3,158.25
z134:p60~~p63,-100.4866502,33.41132391,-97.11394036,32.36521363,dc,500,498.43,225.2
z134:p61~~p62,-102.52534008,30.80627576,-102.35242639,31.79268173,dc,500,158.74,73.53
z134:p61~~p63,-102.52534008,30.80627576,-97.11394036,32.36521363,dc,500,789.4,361.23
z134:p61~~p64,-102.52534008,30.80627576,-98.03214389,30.15101252,dc,500,650.36,288.89
z134:p61~~p65,-102.52534008,30.80627576,-98.34182956,28.123855,dc,500,708.91,324.62
z134:p61~~p87,-102.52534008,30.80627576,-89.93377714,32.30945125,dc,500,1752.08,787.37
z134:p63~~p105,-97.11394036,32.36521363,-86.25403168,40.72629479,dc,500,1971.28,869.62
z134:p63~~p64,-97.11394036,32.36521363,-98.03214389,30.15101252,dc,500,431.67,175.78
z134:p63~~p67,-97.11394036,32.36521363,-95.44616626,29.53576642,dc,500,576.77,246.24
z134:p63~~p80,-97.11394036,32.36521363,-88.78740634,41.76755631,dc,500,1909.51,851.06
z134:p63~~p81,-97.11394036,32.36521363,-89.78738098,39.32261591,dc,500,1543.13,668.81
z134:p63~~p85,-97.11394036,32.36521363,-92.02206131,34.67614755,dc,500,800.64,358.75
z134:p63~~p94,-97.11394036,32.36521363,-83.43553366,32.63997261,dc,500,1902.29,833.03
z134:p64~~p65,-98.03214389,30.15101252,-98.34182956,28.123855,dc,500,345.75,148.37
z134:p64~~p67,-98.03214389,30.15101252,-95.44616626,29.53576642,dc,500,418.68,177.92
z134:p65~~p67,-98.34182956,28.123855,-95.44616626,29.53576642,dc,500,492.0,217.7
z134:p66~~p86,-94.50491404,30.70473578,-91.93563781,32.55385405,dc,500,479.65,211.55
z134:p68~~p69,-93.78878598,43.84993423,-92.13437773,42.92060401,dc,500,244.76,110.49
z134:p68~~p77,-93.78878598,43.84993423,-90.52129625,43.41085624,dc,500,389.34,174.52
z134:p69~~p70,-92.13437773,42.92060401,-92.64864641,41.54815458,dc,500,242.58,105.75
z134:p69~~p77,-92.13437773,42.92060401,-90.52129625,43.41085624,dc,500,345.87,151.62
z134:p6~~p7,-122.80414235,42.80374842,-118.7982225,43.19385721,dc,500,700.2,265.97
z134:p6~~p8,-122.80414235,42.80374842,-121.43547851,41.31103089,dc,500,411.88,137.35
z134:p6~~p9,-122.80414235,42.80374842,-121.38102184,38.35087876,dc,500,1036.51,377.68
z134:p70~~p71,-92.64864641,41.54815458,-92.08030575,39.98046911,dc,500,272.06,121.84
z134:p70~~p77,-92.64864641,41.54815458,-90.52129625,43.41085624,dc,500,507.47,220.71
z134:p70~~p80,-92.64864641,41.54815458,-88.78740634,41.76755631,dc,500,475.39,208.21
z134:p70~~p81,-92.64864641,41.54815458,-89.78738098,39.32261591,dc,500,496.93,218.71
z134:p71~~p72,-92.08030575,39.98046911,-91.35906588,38.50342187,dc,500,264.63,118.76
z134:p71~~p81,-92.08030575,39.98046911,-89.78738098,39.32261591,dc,500,310.56,139.85
z134:p72~~p73,-91.35906588,38.50342187,-91.04678156,37.68104225,dc,500,147.63,64.55
z134:p72~~p81,-91.35906588,38.50342187,-89.78738098,39.32261591,dc,500,254.5,107.41
z134:p72~~p84,-91.35906588,38.50342187,-91.29496646,37.06420364,dc,500,241.69,104.08
z134:p73~~p84,-91.04678156,37.68104225,-91.29496646,37.06420364,dc,500,110.53,48.24
z134:p74~~p103,-88.14757936,46.39738399,-84.61125526,43.8762499,dc,500,772.71,338.67
z134:p74~~p75,-88.14757936,46.39738399,-88.85996946,45.20926475,dc,500,226.37,96.88
z134:p75~~p76,-88.85996946,45.20926475,-89.1038466,44.08576245,dc,500,196.56,85.0
z134:p75~~p79,-88.85996946,45.20926475,-88.27152587,43.06703833,dc,500,395.96,164.4
z134:p76~~p105,-89.1038466,44.08576245,-86.25403168,40.72629479,dc,500,761.28,326.62
z134:p76~~p122,-89.1038466,44.08576245,-76.28677225,40.53840825,dc,500,1973.13,841.0
z134:p76~~p77,-89.1038466,44.08576245,-90.52129625,43.41085624,dc,500,202.8,88.82
z134:p76~~p78,-89.1038466,44.08576245,-89.36143047,42.86563989,dc,500,216.1,92.55
z134:p76~~p79,-89.1038466,44.08576245,-88.27152587,43.06703833,dc,500,215.25,89.23
z134:p76~~p81,-89.1038466,44.08576245,-89.78738098,39.32261591,dc,500,789.14,344.79
z134:p76~~p85,-89.1038466,44.08576245,-92.02206131,34.67614755,dc,500,1603.57,712.89
z134:p76~~p94,-89.1038466,44.08576245,-83.43553366,32.63997261,dc,500,2130.03,921.47
z134:p77~~p78,-90.52129625,43.41085624,-89.36143047,42.86563989,dc,500,173.43,74.83
z134:p77~~p80,-90.52129625,43.41085624,-88.78740634,41.76755631,dc,500,338.46,147.59
z134:p78~~p79,-89.36143047,42.86563989,-88.27152587,43.06703833,dc,500,160.88,62.4
z134:p78~~p80,-89.36143047,42.86563989,-88.78740634,41.76755631,dc,500,201.22,88.34
z134:p79~~p80,-88.27152587,43.06703833,-88.78740634,41.76755631,dc,500,258.93,101.58
z134:p7~~p12,-118.7982225,43.19385721,-116.76501417,39.57265625,dc,500,710.99,315.26
z134:p7~~p15,-118.7982225,43.19385721,-115.22499865,44.39350062,dc,500,706.71,215.48
z134:p7~~p8,-118.7982225,43.19385721,-121.43547851,41.31103089,dc,500,534.0,243.08
z134:p80~~p103,-88.78740634,41.76755631,-84.61125526,43.8762499,dc,500,764.17,324.55
z134:p80~~p105,-88.78740634,41.76755631,-86.25403168,40.72629479,dc,500,376.16,162.41
z134:p80~~p112,-88.78740634,41.76755631,-82.80095864,40.13748215,dc,500,809.29,355.06
z134:p80~~p122,-88.78740634,41.76755631,-76.28677225,40.53840825,dc,500,1590.72,676.83
z134:p80~~p127,-88.78740634,41.76755631,-75.58732565,42.99934248,dc,500,1739.2,752.42
z134:p80~~p131,-88.78740634,41.76755631,-71.79474674,42.25461052,dc,500,2274.34,957.3
z134:p80~~p81,-88.78740634,41.76755631,-89.78738098,39.32261591,dc,500,430.49,190.0
z134:p80~~p82,-88.78740634,41.76755631,-89.50352109,40.41209835,dc,500,249.73,109.26
z134:p80~~p83,-88.78740634,41.76755631,-88.31387435,39.72790165,dc,500,351.43,154.36
z134:p80~~p85,-88.78740634,41.76755631,-92.02206131,34.67614755,dc,500,1250.34,563.23
z134:p80~~p87,-88.78740634,41.76755631,-89.93377714,32.30945125,dc,500,1543.05,681.21
z134:p80~~p92,-88.78740634,41.76755631,-86.34952583,35.85850386,dc,500,1053.07,468.09
z134:p80~~p94,-88.78740634,41.76755631,-83.43553366,32.63997261,dc,500,1736.68,749.82
z134:p80~~p98,-88.78740634,41.76755631,-77.99872674,35.44202442,dc,500,1813.97,784.64
z134:p80~~p99,-88.78740634,41.76755631,-77.99964991,37.62459409,dc,500,1599.06,690.01
z134:p81~~p107,-89.78738098,39.32261591,-86.32272656,38.88485934,dc,500,430.33,192.59
z134:p81~~p108,-89.78738098,39.32261591,-87.22105398,37.51815832,dc,500,430.35,194.85
z134:p81~~p112,-89.78738098,39.32261591,-82.80095864,40.13748215,dc,500,915.37,405.96
z134:p81~~p127,-89.78738098,39.32261591,-75.58732565,42.99934248,dc,500,1902.81,843.66
z134:p81~~p82,-89.78738098,39.32261591,-89.50352109,40.41209835,dc,500,183.81,81.07
z134:p81~~p83,-89.78738098,39.32261591,-88.31387435,39.72790165,dc,500,200.75,89.73
z134:p81~~p87,-89.78738098,39.32261591,-89.93377714,32.30945125,dc,500,1136.44,506.79
z134:p81~~p92,-89.78738098,39.32261591,-86.34952583,35.85850386,dc,500,721.54,314.86
z134:p81~~p93,-89.78738098,39.32261591,-86.89318135,36.88838161,dc,500,523.57,234.52
z134:p81~~p94,-89.78738098,39.32261591,-83.43553366,32.63997261,dc,500,1431.68,611.49
z134:p81~~p99,-89.78738098,39.32261591,-77.99964991,37.62459409,dc,500,1546.88,665.03
z134:p82~~p83,-89.50352109,40.41209835,-88.31387435,39.72790165,dc,500,189.48,83.62
z134:p83~~p105,-88.31387435,39.72790165,-86.25403168,40.72629479,dc,500,301.59,134.77
z134:p83~~p107,-88.31387435,39.72790165,-86.32272656,38.88485934,dc,500,291.67,130.84
z134:p84~~p85,-91.29496646,37.06420364,-92.02206131,34.67614755,dc,500,404.73,181.83
z134:p84~~p92,-91.29496646,37.06420364,-86.34952583,35.85850386,dc,500,721.17,307.53
z134:p85~~p101,-92.02206131,34.67614755,-82.16153403,28.61064555,dc,500,1754.28,778.65
z134:p85~~p103,-92.02206131,34.67614755,-84.61125526,43.8762499,dc,500,1788.63,811.22
z134:p85~~p112,-92.02206131,34.67614755,-82.80095864,40.13748215,dc,500,1491.73,663.13
z134:p85~~p86,-92.02206131,34.67614755,-91.93563781,32.55385405,dc,500,348.98,154.8
z134:p85~~p87,-92.02206131,34.67614755,-89.93377714,32.30945125,dc,500,482.78,215.46
z134:p85~~p92,-92.02206131,34.67614755,-86.34952583,35.85850386,dc,500,796.55,358.86
z134:p85~~p94,-92.02206131,34.67614755,-83.43553366,32.63997261,dc,500,1238.58,546.9
z134:p86~~p87,-91.93563781,32.55385405,-89.93377714,32.30945125,dc,500,304.88,125.68
z134:p87~~p101,-89.93377714,32.30945125,-82.16153403,28.61064555,dc,500,1332.54,582.08
z134:p87~~p105,-89.93377714,32.30945125,-86.25403168,40.72629479,dc,500,1474.8,666.51
z134:p87~~p88,-89.93377714,32.30945125,-88.91826681,33.91413099,dc,500,306.08,136.55
z134:p87~~p89,-89.93377714,32.30945125,-87.31696514,33.63340907,dc,500,423.63,187.63
z134:p87~~p90,-89.93377714,32.30945125,-86.47635269,32.14389389,dc,500,479.39,209.85
z134:p87~~p92,-89.93377714,32.30945125,-86.34952583,35.85850386,dc,500,771.85,342.03
z134:p87~~p94,-89.93377714,32.30945125,-83.43553366,32.63997261,dc,500,919.1,401.59
z134:p87~~p98,-89.93377714,32.30945125,-77.99872674,35.44202442,dc,500,1757.32,776.74
z134:p88~~p89,-88.91826681,33.91413099,-87.31696514,33.63340907,dc,500,219.4,98.1
z134:p88~~p92,-88.91826681,33.91413099,-86.34952583,35.85850386,dc,500,479.46,203.43
z134:p89~~p90,-87.31696514,33.63340907,-86.47635269,32.14389389,dc,500,274.4,122.26
z134:p89~~p92,-87.31696514,33.63340907,-86.34952583,35.85850386,dc,500,413.5,177.19
z134:p89~~p94,-87.31696514,33.63340907,-83.43553366,32.63997261,dc,500,589.11,249.94
z134:p8~~p12,-121.43547851,41.31103089,-116.76501417,39.57265625,dc,500,755.96,330.06
z134:p8~~p9,-121.43547851,41.31103089,-121.38102184,38.35087876,dc,500,644.4,248.47
z134:p90~~p91,-86.47635269,32.14389389,-86.08395491,30.58478781,dc,500,265.4,118.94
z134:p90~~p94,-86.47635269,32.14389389,-83.43553366,32.63997261,dc,500,452.55,197.69
z134:p91~~p101,-86.08395491,30.58478781,-82.16153403,28.61064555,dc,500,726.05,308.5
z134:p91~~p94,-86.08395491,30.58478781,-83.43553366,32.63997261,dc,500,501.71,220.93
z134:p92~~p101,-86.34952583,35.85850386,-82.16153403,28.61064555,dc,500,1370.06,598.38
z134:p92~~p105,-86.34952583,35.85850386,-86.25403168,40.72629479,dc,500,812.48,356.45
z134:p92~~p108,-86.34952583,35.85850386,-87.22105398,37.51815832,dc,500,312.03,135.86
z134:p92~~p109,-86.34952583,35.85850386,-84.52641444,37.82027791,dc,500,407.25,181.87
z134:p92~~p118,-86.34952583,35.85850386,-80.87858774,37.06974171,dc,500,798.88,339.32
z134:p92~~p122,-86.34952583,35.85850386,-76.28677225,40.53840825,dc,500,1537.55,654.11
z134:p92~~p93,-86.34952583,35.85850386,-86.89318135,36.88838161,dc,500,202.18,84.56
z134:p92~~p94,-86.34952583,35.85850386,-83.43553366,32.63997261,dc,500,723.05,300.1
z134:p92~~p97,-86.34952583,35.85850386,-81.4566305,35.69441978,dc,500,719.7,292.98
z134:p93~~p108,-86.89318135,36.88838161,-87.22105398,37.51815832,dc,500,111.72,51.1
z134:p93~~p109,-86.89318135,36.88838161,-84.52641444,37.82027791,dc,500,343.9,153.74
z134:p94~~p101,-83.43553366,32.63997261,-82.16153403,28.61064555,dc,500,718.48,317.1
z134:p94~~p103,-83.43553366,32.63997261,-84.61125526,43.8762499,dc,500,1936.97,838.4
z134:p94~~p105,-83.43553366,32.63997261,-86.25403168,40.72629479,dc,500,1470.31,632.02
z134:p94~~p112,-83.43553366,32.63997261,-82.80095864,40.13748215,dc,500,1327.82,556.01
z134:p94~~p122,-83.43553366,32.63997261,-76.28677225,40.53840825,dc,500,1753.05,734.03
z134:p94~~p127,-83.43553366,32.63997261,-75.58732565,42.99934248,dc,500,2116.12,904.64
z134:p94~~p95,-83.43553366,32.63997261,-82.00419875,34.70145271,dc,500,395.47,178.48
z134:p94~~p96,-83.43553366,32.63997261,-80.50921523,33.62909084,dc,500,494.95,211.28
z134:p94~~p97,-83.43553366,32.63997261,-81.4566305,35.69441978,dc,500,581.81,259.67
z134:p94~~p99,-83.43553366,32.63997261,-77.99964991,37.62459409,dc,500,1124.7,493.73
z134:p95~~p96,-82.00419875,34.70145271,-80.50921523,33.62909084,dc,500,298.8,131.4
z134:p95~~p97,-82.00419875,34.70145271,-81.4566305,35.69441978,dc,500,186.78,81.18
z134:p95~~p98,-82.00419875,34.70145271,-77.99872674,35.44202442,dc,500,573.69,250.58
z134:p96~~p98,-80.50921523,33.62909084,-77.99872674,35.44202442,dc,500,475.63,207.76
z134:p97~~p118,-81.4566305,35.69441978,-80.87858774,37.06974171,dc,500,270.84,107.22
z134:p97~~p98,-81.4566305,35.69441978,-77.99872674,35.44202442,dc,500,486.43,202.76
z134:p98~~p101,-77.99872674,35.44202442,-82.16153403,28.61064555,dc,500,1435.16,619.11
z134:p98~~p103,-77.99872674,35.44202442,-84.61125526,43.8762499,dc,500,1670.82,711.62
z134:p98~~p112,-77.99872674,35.44202442,-82.80095864,40.13748215,dc,500,1025.65,431.13
z134:p98~~p127,-77.99872674,35.44202442,-75.58732565,42.99934248,dc,500,1418.39,590.59
z134:p98~~p131,-77.99872674,35.44202442,-71.79474674,42.25461052,dc,500,1875.07,745.2
z134:p98~~p99,-77.99872674,35.44202442,-77.99964991,37.62459409,dc,500,371.46,161.76
z134:p99~~p100,-77.99964991,37.62459409,-78.27316353,38.77897424,dc,500,283.27,108.93
z134:p99~~p101,-77.99964991,37.62459409,-82.16153403,28.61064555,dc,500,1710.86,740.84
z134:p99~~p105,-77.99964991,37.62459409,-86.25403168,40.72629479,dc,500,1224.88,527.6
z134:p99~~p116,-77.99964991,37.62459409,-80.17476357,38.90026172,dc,500,400.61,158.71
z134:p99~~p118,-77.99964991,37.62459409,-80.87858774,37.06974171,dc,500,418.25,175.16
z134:p99~~p121,-77.99964991,37.62459409,-77.50609328,39.49881674,dc,500,401.46,154.75
z134:p99~~p123,-77.99964991,37.62459409,-76.35304548,38.89366177,dc,500,873.96,328.44
z134:p99~~p127,-77.99964991,37.62459409,-75.58732565,42.99934248,dc,500,1047.08,429.04
z134:p99~~p134,-77.99964991,37.62459409,-69.23781577,45.35740733,dc,500,1924.93,779.28
z134:p9~~p10,-121.38102184,38.35087876,-117.15992686,35.12105363,dc,500,978.04,382.47
z134:p9~~p12,-121.38102184,38.35087876,-116.76501417,39.57265625,dc,500,920.77,295.43
z134:p9~~p13,-121.38102184,38.35087876,-115.01366961,36.21387654,dc,500,1456.25,493.5
z134:p9~~p15,-121.38102184,38.35087876,-115.22499865,44.39350062,dc,500,1735.13,620.34
z134:p9~~p25,-121.38102184,38.35087876,-111.91422885,39.08215518,dc,500,1665.08,615.49
z134:p9~~p28,-121.38102184,38.35087876,-111.61025637,34.16709078,dc,500,1902.91,734.52
