FIPS,r
53007,p53007
53029,p53029
53033,p53033
53035,p53035
53037,p53037
53053,p53053
53055,p53055
53057,p53057
53061,p53061
53067,p53067
53073,p53073
53003,p53003
53005,p53005
53009,p53009
53011,p53011
53013,p53013
53015,p53015
53023,p53023
53027,p53027
53031,p53031
53039,p53039
53041,p53041
53045,p53045
53049,p53049
53059,p53059
53069,p53069
53071,p53071
53077,p53077
53001,p53001
53019,p53019
53021,p53021
53043,p53043
53047,p53047
53051,p53051
53063,p53063
53065,p53065
53075,p53075
53017,p53017
53025,p53025
41003,p41003
41005,p41005
41007,p41007
41009,p41009
41013,p41013
41017,p41017
41021,p41021
41023,p41023
41027,p41027
41031,p41031
41039,p41039
41041,p41041
41043,p41043
41047,p41047
41049,p41049
41051,p41051
41053,p41053
41055,p41055
41057,p41057
41059,p41059
41061,p41061
41063,p41063
41065,p41065
41067,p41067
41069,p41069
41071,p41071
41011,p41011
41015,p41015
41019,p41019
41029,p41029
41033,p41033
41035,p41035
41001,p41001
41025,p41025
41037,p41037
41045,p41045
06035,p06035
06049,p06049
06093,p06093
06001,p06001
06003,p06003
06005,p06005
06007,p06007
06009,p06009
06011,p06011
06013,p06013
06015,p06015
06017,p06017
06019,p06019
06021,p06021
06023,p06023
06031,p06031
06033,p06033
06039,p06039
06041,p06041
06043,p06043
06045,p06045
06047,p06047
06053,p06053
06055,p06055
06057,p06057
06061,p06061
06063,p06063
06067,p06067
06069,p06069
06075,p06075
06077,p06077
06079,p06079
06081,p06081
06083,p06083
06085,p06085
06087,p06087
06089,p06089
06091,p06091
06095,p06095
06097,p06097
06099,p06099
06101,p06101
06103,p06103
06105,p06105
06109,p06109
06113,p06113
06115,p06115
06025,p06025
06027,p06027
06029,p06029
06037,p06037
06051,p06051
06059,p06059
06065,p06065
06071,p06071
06107,p06107
06111,p06111
06073,p06073
32001,p32001
32005,p32005
32007,p32007
32009,p32009
32011,p32011
32013,p32013
32015,p32015
32017,p32017
32019,p32019
32021,p32021
32023,p32023
32027,p32027
32029,p32029
32031,p32031
32033,p32033
32510,p32510
32003,p32003
16009,p16009
16017,p16017
16021,p16021
16055,p16055
16057,p16057
16061,p16061
16069,p16069
16001,p16001
16003,p16003
16013,p16013
16015,p16015
16023,p16023
16025,p16025
16027,p16027
16035,p16035
16037,p16037
16039,p16039
16045,p16045
16047,p16047
16049,p16049
16053,p16053
16059,p16059
16063,p16063
16067,p16067
16073,p16073
16075,p16075
16079,p16079
16085,p16085
16087,p16087
16005,p16005
16007,p16007
16011,p16011
16019,p16019
16029,p16029
16031,p16031
16033,p16033
16041,p16041
16043,p16043
16051,p16051
16065,p16065
16071,p16071
16077,p16077
16081,p16081
16083,p16083
30001,p30001
30007,p30007
30023,p30023
30029,p30029
30039,p30039
30043,p30043
30047,p30047
30053,p30053
30057,p30057
30061,p30061
30063,p30063
30077,p30077
30081,p30081
30089,p30089
30093,p30093
30003,p30003
30005,p30005
30009,p30009
30013,p30013
30015,p30015
30031,p30031
30035,p30035
30041,p30041
30049,p30049
30051,p30051
30059,p30059
30067,p30067
30071,p30071
30073,p30073
30095,p30095
30097,p30097
30099,p30099
30101,p30101
30033,p30033
30105,p30105
30027,p30027
30037,p30037
30045,p30045
30065,p30065
30069,p30069
30075,p30075
30087,p30087
30103,p30103
30107,p30107
30111,p30111
56003,p56003
56013,p56013
56017,p56017
56023,p56023
56029,p56029
56035,p56035
56037,p56037
56039,p56039
56041,p56041
56043,p56043
56019,p56019
56033,p56033
56005,p56005
56011,p56011
56045,p56045
56001,p56001
56007,p56007
56009,p56009
56015,p56015
56021,p56021
56025,p56025
56027,p56027
56031,p56031
49001,p49001
49003,p49003
49005,p49005
49007,p49007
49011,p49011
49015,p49015
49017,p49017
49019,p49019
49021,p49021
49023,p49023
49025,p49025
49027,p49027
49031,p49031
49035,p49035
49037,p49037
49039,p49039
49041,p49041
49045,p49045
49049,p49049
49053,p49053
49055,p49055
49057,p49057
49009,p49009
49013,p49013
49029,p49029
49033,p49033
49043,p49043
49047,p49047
49051,p49051
04015,p04015
04003,p04003
04005,p04005
04007,p04007
04009,p04009
04011,p04011
04012,p04012
04013,p04013
04017,p04017
04021,p04021
04025,p04025
04027,p04027
04001,p04001
04019,p04019
04023,p04023
35001,p35001
35003,p35003
35006,p35006
35007,p35007
35011,p35011
35013,p35013
35017,p35017
35019,p35019
35021,p35021
35023,p35023
35027,p35027
35028,p35028
35029,p35029
35031,p35031
35033,p35033
35035,p35035
35039,p35039
35043,p35043
35045,p35045
35047,p35047
35049,p35049
35051,p35051
35053,p35053
35055,p35055
35057,p35057
35059,p35059
35061,p35061
46019,p46019
46033,p46033
46047,p46047
46081,p46081
46103,p46103
08001,p08001
08005,p08005
08013,p08013
08014,p08014
08019,p08019
08031,p08031
08035,p08035
08037,p08037
08045,p08045
08047,p08047
08049,p08049
08057,p08057
08059,p08059
08065,p08065
08069,p08069
08075,p08075
08077,p08077
08081,p08081
08087,p08087
08093,p08093
08095,p08095
08097,p08097
08103,p08103
08107,p08107
08115,p08115
08117,p08117
08119,p08119
08121,p08121
08123,p08123
08125,p08125
08003,p08003
08007,p08007
08009,p08009
08011,p08011
08015,p08015
08017,p08017
08021,p08021
08023,p08023
08025,p08025
08027,p08027
08029,p08029
08033,p08033
08039,p08039
08041,p08041
08043,p08043
08051,p08051
08053,p08053
08055,p08055
08061,p08061
08063,p08063
08067,p08067
08071,p08071
08073,p08073
08079,p08079
08083,p08083
08085,p08085
08089,p08089
08091,p08091
08099,p08099
08101,p08101
08105,p08105
08109,p08109
08111,p08111
08113,p08113
30011,p30011
30017,p30017
30019,p30019
30021,p30021
30025,p30025
30055,p30055
30079,p30079
30083,p30083
30085,p30085
30091,p30091
30109,p30109
38001,p38001
38007,p38007
38011,p38011
38013,p38013
38015,p38015
38021,p38021
38023,p38023
38025,p38025
38029,p38029
38033,p38033
38037,p38037
38041,p38041
38047,p38047
38051,p38051
38053,p38053
38057,p38057
38059,p38059
38061,p38061
38065,p38065
38075,p38075
38085,p38085
38087,p38087
38089,p38089
38105,p38105
38003,p38003
38005,p38005
38009,p38009
38017,p38017
38019,p38019
38027,p38027
38031,p38031
38035,p38035
38039,p38039
38043,p38043
38045,p38045
38049,p38049
38055,p38055
38063,p38063
38067,p38067
38069,p38069
38071,p38071
38073,p38073
38077,p38077
38079,p38079
38081,p38081
38083,p38083
38091,p38091
38093,p38093
38095,p38095
38097,p38097
38099,p38099
38101,p38101
38103,p38103
46003,p46003
46005,p46005
46007,p46007
46009,p46009
46011,p46011
46013,p46013
46015,p46015
46017,p46017
46021,p46021
46023,p46023
46025,p46025
46027,p46027
46029,p46029
46031,p46031
46035,p46035
46037,p46037
46039,p46039
46041,p46041
46043,p46043
46045,p46045
46049,p46049
46051,p46051
46053,p46053
46055,p46055
46057,p46057
46059,p46059
46061,p46061
46063,p46063
46065,p46065
46067,p46067
46069,p46069
46071,p46071
46073,p46073
46075,p46075
46077,p46077
46079,p46079
46083,p46083
46085,p46085
46087,p46087
46089,p46089
46091,p46091
46093,p46093
46095,p46095
46097,p46097
46099,p46099
46101,p46101
46102,p46102
46105,p46105
46107,p46107
46109,p46109
46111,p46111
46115,p46115
46117,p46117
46119,p46119
46121,p46121
46123,p46123
46125,p46125
46127,p46127
46129,p46129
46135,p46135
46137,p46137
31005,p31005
31007,p31007
31013,p31013
31029,p31029
31033,p31033
31045,p31045
31049,p31049
31057,p31057
31069,p31069
31075,p31075
31101,p31101
31105,p31105
31123,p31123
31135,p31135
31157,p31157
31161,p31161
31165,p31165
31001,p31001
31003,p31003
31009,p31009
31011,p31011
31015,p31015
31017,p31017
31019,p31019
31023,p31023
31027,p31027
31031,p31031
31035,p31035
31039,p31039
31041,p31041
31043,p31043
31047,p31047
31051,p31051
31059,p31059
31061,p31061
31063,p31063
31065,p31065
31067,p31067
31071,p31071
31073,p31073
31077,p31077
31079,p31079
31081,p31081
31083,p31083
31085,p31085
31087,p31087
31089,p31089
31091,p31091
31093,p31093
31095,p31095
31099,p31099
31103,p31103
31107,p31107
31111,p31111
31113,p31113
31115,p31115
31117,p31117
31119,p31119
31121,p31121
31125,p31125
31129,p31129
31137,p31137
31139,p31139
31141,p31141
31143,p31143
31145,p31145
31149,p31149
31151,p31151
31159,p31159
31163,p31163
31167,p31167
31169,p31169
31171,p31171
31173,p31173
31175,p31175
31179,p31179
31181,p31181
31183,p31183
31185,p31185
31021,p31021
31025,p31025
31037,p31037
31053,p31053
31055,p31055
31097,p31097
31109,p31109
31127,p31127
31131,p31131
31133,p31133
31147,p31147
31153,p31153
31155,p31155
31177,p31177
27005,p27005
27007,p27007
27027,p27027
27029,p27029
27069,p27069
27071,p27071
27077,p27077
27087,p27087
27089,p27089
27107,p27107
27113,p27113
27119,p27119
27125,p27125
27135,p27135
27001,p27001
27003,p27003
27009,p27009
27011,p27011
27017,p27017
27019,p27019
27021,p27021
27025,p27025
27031,p27031
27035,p27035
27037,p27037
27039,p27039
27041,p27041
27049,p27049
27051,p27051
27053,p27053
27057,p27057
27059,p27059
27061,p27061
27065,p27065
27067,p27067
27075,p27075
27079,p27079
27085,p27085
27093,p27093
27095,p27095
27097,p27097
27109,p27109
27111,p27111
27115,p27115
27121,p27121
27123,p27123
27131,p27131
27137,p27137
27139,p27139
27141,p27141
27143,p27143
27145,p27145
27147,p27147
27149,p27149
27151,p27151
27153,p27153
27155,p27155
27157,p27157
27159,p27159
27163,p27163
27167,p27167
27169,p27169
27171,p27171
27023,p27023
27073,p27073
27081,p27081
27083,p27083
27101,p27101
27105,p27105
27117,p27117
27127,p27127
27129,p27129
27133,p27133
27173,p27173
19009,p19009
19021,p19021
19025,p19025
19027,p19027
19033,p19033
19035,p19035
19041,p19041
19047,p19047
19059,p19059
19063,p19063
19069,p19069
19071,p19071
19081,p19081
19085,p19085
19091,p19091
19093,p19093
19109,p19109
19119,p19119
19129,p19129
19133,p19133
19137,p19137
19141,p19141
19143,p19143
19145,p19145
19147,p19147
19149,p19149
19151,p19151
19155,p19155
19161,p19161
19165,p19165
19167,p19167
19173,p19173
19187,p19187
19189,p19189
19193,p19193
19195,p19195
19197,p19197
55003,p55003
55005,p55005
55007,p55007
55011,p55011
55013,p55013
55017,p55017
55019,p55019
55031,p55031
55033,p55033
55035,p55035
55051,p55051
55063,p55063
55091,p55091
55093,p55093
55095,p55095
55099,p55099
55107,p55107
55109,p55109
55113,p55113
55119,p55119
55121,p55121
55129,p55129
35005,p35005
35009,p35009
35015,p35015
35025,p35025
35037,p35037
35041,p35041
48011,p48011
48017,p48017
48065,p48065
48069,p48069
48079,p48079
48087,p48087
48111,p48111
48117,p48117
48129,p48129
48153,p48153
48165,p48165
48169,p48169
48179,p48179
48189,p48189
48195,p48195
48205,p48205
48211,p48211
48219,p48219
48233,p48233
48279,p48279
48295,p48295
48303,p48303
48305,p48305
48341,p48341
48357,p48357
48359,p48359
48369,p48369
48375,p48375
48381,p48381
48393,p48393
48421,p48421
48437,p48437
48445,p48445
48483,p48483
48501,p48501
40007,p40007
40025,p40025
40139,p40139
40003,p40003
40005,p40005
40009,p40009
40011,p40011
40013,p40013
40015,p40015
40017,p40017
40019,p40019
40023,p40023
40027,p40027
40029,p40029
40031,p40031
40033,p40033
40039,p40039
40043,p40043
40045,p40045
40047,p40047
40049,p40049
40051,p40051
40053,p40053
40055,p40055
40057,p40057
40059,p40059
40061,p40061
40063,p40063
40065,p40065
40067,p40067
40069,p40069
40071,p40071
40073,p40073
40075,p40075
40077,p40077
40079,p40079
40081,p40081
40083,p40083
40085,p40085
40087,p40087
40089,p40089
40091,p40091
40093,p40093
40095,p40095
40099,p40099
40103,p40103
40107,p40107
40109,p40109
40117,p40117
40119,p40119
40121,p40121
40123,p40123
40125,p40125
40127,p40127
40129,p40129
40133,p40133
40135,p40135
40137,p40137
40141,p40141
40149,p40149
40151,p40151
40153,p40153
40001,p40001
40021,p40021
40035,p40035
40037,p40037
40041,p40041
40097,p40097
40101,p40101
40105,p40105
40111,p40111
40113,p40113
40115,p40115
40131,p40131
40143,p40143
40145,p40145
40147,p40147
20023,p20023
20039,p20039
20055,p20055
20063,p20063
20065,p20065
20067,p20067
20071,p20071
20075,p20075
20093,p20093
20101,p20101
20109,p20109
20129,p20129
20137,p20137
20153,p20153
20171,p20171
20179,p20179
20181,p20181
20187,p20187
20189,p20189
20193,p20193
20195,p20195
20199,p20199
20203,p20203
20001,p20001
20003,p20003
20005,p20005
20007,p20007
20009,p20009
20011,p20011
20013,p20013
20015,p20015
20017,p20017
20019,p20019
20021,p20021
20025,p20025
20027,p20027
20029,p20029
20031,p20031
20033,p20033
20035,p20035
20037,p20037
20041,p20041
20043,p20043
20045,p20045
20047,p20047
20049,p20049
20051,p20051
20053,p20053
20057,p20057
20059,p20059
20061,p20061
20069,p20069
20073,p20073
20077,p20077
20079,p20079
20081,p20081
20083,p20083
20085,p20085
20087,p20087
20089,p20089
20091,p20091
20095,p20095
20097,p20097
20099,p20099
20103,p20103
20105,p20105
20107,p20107
20111,p20111
20113,p20113
20115,p20115
20117,p20117
20119,p20119
20121,p20121
20123,p20123
20125,p20125
20127,p20127
20131,p20131
20133,p20133
20135,p20135
20139,p20139
20141,p20141
20143,p20143
20145,p20145
20147,p20147
20149,p20149
20151,p20151
20155,p20155
20157,p20157
20159,p20159
20161,p20161
20163,p20163
20165,p20165
20167,p20167
20169,p20169
20173,p20173
20175,p20175
20177,p20177
20183,p20183
20185,p20185
20191,p20191
20197,p20197
20201,p20201
20205,p20205
20207,p20207
20209,p20209
29003,p29003
29005,p29005
29021,p29021
29025,p29025
29033,p29033
29037,p29037
29041,p29041
29047,p29047
29049,p29049
29061,p29061
29063,p29063
29075,p29075
29079,p29079
29081,p29081
29087,p29087
29095,p29095
29101,p29101
29107,p29107
29115,p29115
29117,p29117
29129,p29129
29147,p29147
29159,p29159
29165,p29165
29171,p29171
29177,p29177
29195,p29195
29211,p29211
29227,p29227
29009,p29009
29011,p29011
29013,p29013
29015,p29015
29039,p29039
29043,p29043
29057,p29057
29067,p29067
29077,p29077
29083,p29083
29085,p29085
29097,p29097
29109,p29109
29119,p29119
29145,p29145
29153,p29153
29167,p29167
29185,p29185
29209,p29209
29213,p29213
29217,p29217
29225,p29225
05007,p05007
05009,p05009
05015,p05015
05023,p05023
05033,p05033
05047,p05047
05061,p05061
05071,p05071
05083,p05083
05087,p05087
05089,p05089
05097,p05097
05101,p05101
05109,p05109
05113,p05113
05127,p05127
05129,p05129
05131,p05131
05141,p05141
05143,p05143
48037,p48037
48063,p48063
48067,p48067
48183,p48183
48203,p48203
48315,p48315
48343,p48343
48365,p48365
48449,p48449
48459,p48459
22001,p22001
22003,p22003
22005,p22005
22007,p22007
22009,p22009
22011,p22011
22013,p22013
22015,p22015
22017,p22017
22019,p22019
22021,p22021
22023,p22023
22025,p22025
22029,p22029
22031,p22031
22033,p22033
22037,p22037
22039,p22039
22043,p22043
22045,p22045
22047,p22047
22049,p22049
22051,p22051
22053,p22053
22055,p22055
22057,p22057
22059,p22059
22063,p22063
22069,p22069
22071,p22071
22075,p22075
22077,p22077
22079,p22079
22081,p22081
22085,p22085
22087,p22087
22089,p22089
22091,p22091
22093,p22093
22095,p22095
22097,p22097
22099,p22099
22101,p22101
22103,p22103
22105,p22105
22109,p22109
22113,p22113
22115,p22115
22117,p22117
22119,p22119
22121,p22121
22125,p22125
22127,p22127
48141,p48141
48023,p48023
48033,p48033
48045,p48045
48075,p48075
48101,p48101
48107,p48107
48115,p48115
48125,p48125
48151,p48151
48155,p48155
48191,p48191
48197,p48197
48207,p48207
48227,p48227
48253,p48253
48263,p48263
48269,p48269
48275,p48275
48335,p48335
48345,p48345
48353,p48353
48415,p48415
48433,p48433
48487,p48487
48043,p48043
48059,p48059
48081,p48081
48083,p48083
48095,p48095
48105,p48105
48109,p48109
48229,p48229
48235,p48235
48243,p48243
48271,p48271
48371,p48371
48377,p48377
48389,p48389
48399,p48399
48413,p48413
48431,p48431
48435,p48435
48441,p48441
48443,p48443
48451,p48451
48465,p48465
48003,p48003
48103,p48103
48135,p48135
48173,p48173
48301,p48301
48317,p48317
48329,p48329
48383,p48383
48461,p48461
48475,p48475
48495,p48495
48001,p48001
48005,p48005
48009,p48009
48027,p48027
48035,p48035
48049,p48049
48073,p48073
48077,p48077
48085,p48085
48093,p48093
48097,p48097
48099,p48099
48113,p48113
48119,p48119
48121,p48121
48133,p48133
48139,p48139
48143,p48143
48145,p48145
48147,p48147
48159,p48159
48161,p48161
48181,p48181
48193,p48193
48213,p48213
48217,p48217
48221,p48221
48223,p48223
48225,p48225
48231,p48231
48237,p48237
48251,p48251
48257,p48257
48277,p48277
48281,p48281
48289,p48289
48293,p48293
48307,p48307
48309,p48309
48313,p48313
48331,p48331
48333,p48333
48337,p48337
48349,p48349
48363,p48363
48367,p48367
48379,p48379
48387,p48387
48395,p48395
48397,p48397
48401,p48401
48411,p48411
48417,p48417
48423,p48423
48425,p48425
48429,p48429
48439,p48439
48447,p48447
48467,p48467
48485,p48485
48497,p48497
48499,p48499
48503,p48503
48015,p48015
48019,p48019
48021,p48021
48031,p48031
48041,p48041
48051,p48051
48053,p48053
48055,p48055
48089,p48089
48091,p48091
48123,p48123
48137,p48137
48149,p48149
48171,p48171
48177,p48177
48185,p48185
48187,p48187
48209,p48209
48259,p48259
48265,p48265
48267,p48267
48285,p48285
48287,p48287
48299,p48299
48319,p48319
48327,p48327
48385,p48385
48453,p48453
48471,p48471
48473,p48473
48477,p48477
48491,p48491
48007,p48007
48013,p48013
48025,p48025
48029,p48029
48047,p48047
48057,p48057
48061,p48061
48127,p48127
48131,p48131
48163,p48163
48175,p48175
48215,p48215
48239,p48239
48247,p48247
48249,p48249
48255,p48255
48261,p48261
48273,p48273
48283,p48283
48297,p48297
48311,p48311
48321,p48321
48323,p48323
48325,p48325
48355,p48355
48391,p48391
48409,p48409
48427,p48427
48463,p48463
48469,p48469
48479,p48479
48481,p48481
48489,p48489
48493,p48493
48505,p48505
48507,p48507
48071,p48071
48199,p48199
48241,p48241
48245,p48245
48291,p48291
48339,p48339
48347,p48347
48351,p48351
48361,p48361
48373,p48373
48403,p48403
48405,p48405
48407,p48407
48419,p48419
48455,p48455
48457,p48457
48039,p48039
48157,p48157
48167,p48167
48201,p48201
27013,p27013
27015,p27015
27033,p27033
27043,p27043
27045,p27045
27047,p27047
27055,p27055
27063,p27063
27091,p27091
27099,p27099
27103,p27103
27161,p27161
27165,p27165
19005,p19005
19013,p19013
19017,p19017
19019,p19019
19023,p19023
19037,p19037
19043,p19043
19065,p19065
19067,p19067
19075,p19075
19089,p19089
19131,p19131
19191,p19191
19001,p19001
19003,p19003
19007,p19007
19011,p19011
19015,p19015
19029,p19029
19031,p19031
19039,p19039
19045,p19045
19049,p19049
19051,p19051
19053,p19053
19055,p19055
19057,p19057
19061,p19061
19073,p19073
19077,p19077
19079,p19079
19083,p19083
19087,p19087
19095,p19095
19097,p19097
19099,p19099
19101,p19101
19103,p19103
19105,p19105
19107,p19107
19111,p19111
19113,p19113
19115,p19115
19117,p19117
19121,p19121
19123,p19123
19125,p19125
19127,p19127
19135,p19135
19139,p19139
19153,p19153
19157,p19157
19159,p19159
19163,p19163
19169,p19169
19171,p19171
19175,p19175
19177,p19177
19179,p19179
19181,p19181
19183,p19183
19185,p19185
29001,p29001
29045,p29045
29103,p29103
29111,p29111
29121,p29121
29127,p29127
29137,p29137
29173,p29173
29197,p29197
29199,p29199
29205,p29205
29007,p29007
29019,p29019
29027,p29027
29031,p29031
29051,p29051
29053,p29053
29071,p29071
29073,p29073
29089,p29089
29099,p29099
29113,p29113
29125,p29125
29131,p29131
29133,p29133
29135,p29135
29139,p29139
29141,p29141
29151,p29151
29157,p29157
29163,p29163
29175,p29175
29183,p29183
29186,p29186
29187,p29187
29189,p29189
29201,p29201
29219,p29219
29510,p29510
29017,p29017
29055,p29055
29093,p29093
29123,p29123
29161,p29161
29169,p29169
29179,p29179
29221,p29221
26003,p26003
26013,p26013
26041,p26041
26043,p26043
26053,p26053
26061,p26061
26071,p26071
26083,p26083
26103,p26103
26109,p26109
26131,p26131
55009,p55009
55029,p55029
55037,p55037
55041,p55041
55061,p55061
55067,p55067
55069,p55069
55071,p55071
55073,p55073
55075,p55075
55083,p55083
55085,p55085
55097,p55097
55125,p55125
55001,p55001
55015,p55015
55021,p55021
55027,p55027
55039,p55039
55047,p55047
55057,p55057
55077,p55077
55078,p55078
55087,p55087
55115,p55115
55135,p55135
55137,p55137
55139,p55139
55141,p55141
55023,p55023
55043,p55043
55049,p55049
55053,p55053
55065,p55065
55081,p55081
55103,p55103
55111,p55111
55123,p55123
55025,p55025
55045,p55045
55105,p55105
55055,p55055
55059,p55059
55079,p55079
55089,p55089
55101,p55101
55117,p55117
55127,p55127
55131,p55131
55133,p55133
17007,p17007
17015,p17015
17031,p17031
17037,p17037
17043,p17043
17063,p17063
17085,p17085
17089,p17089
17091,p17091
17093,p17093
17097,p17097
17099,p17099
17103,p17103
17105,p17105
17111,p17111
17141,p17141
17177,p17177
17195,p17195
17197,p17197
17201,p17201
17001,p17001
17003,p17003
17005,p17005
17009,p17009
17011,p17011
17013,p17013
17017,p17017
17027,p17027
17051,p17051
17055,p17055
17057,p17057
17059,p17059
17061,p17061
17065,p17065
17067,p17067
17069,p17069
17071,p17071
17073,p17073
17077,p17077
17081,p17081
17083,p17083
17087,p17087
17095,p17095
17109,p17109
17117,p17117
17119,p17119
17121,p17121
17125,p17125
17127,p17127
17129,p17129
17131,p17131
17133,p17133
17135,p17135
17137,p17137
17145,p17145
17149,p17149
17151,p17151
17153,p17153
17155,p17155
17157,p17157
17161,p17161
17163,p17163
17165,p17165
17169,p17169
17171,p17171
17175,p17175
17181,p17181
17187,p17187
17189,p17189
17191,p17191
17193,p17193
17199,p17199
17107,p17107
17123,p17123
17143,p17143
17167,p17167
17179,p17179
17203,p17203
17019,p17019
17021,p17021
17023,p17023
17025,p17025
17029,p17029
17033,p17033
17035,p17035
17039,p17039
17041,p17041
17045,p17045
17047,p17047
17049,p17049
17053,p17053
17075,p17075
17079,p17079
17101,p17101
17113,p17113
17115,p17115
17139,p17139
17147,p17147
17159,p17159
17173,p17173
17183,p17183
17185,p17185
29023,p29023
29029,p29029
29035,p29035
29059,p29059
29065,p29065
29069,p29069
29091,p29091
29105,p29105
29143,p29143
29149,p29149
29155,p29155
29181,p29181
29203,p29203
29207,p29207
29215,p29215
29223,p29223
29229,p29229
05001,p05001
05003,p05003
05005,p05005
05011,p05011
05013,p05013
05017,p05017
05019,p05019
05021,p05021
05025,p05025
05027,p05027
05029,p05029
05031,p05031
05035,p05035
05037,p05037
05039,p05039
05041,p05041
05043,p05043
05045,p05045
05049,p05049
05051,p05051
05053,p05053
05055,p05055
05057,p05057
05059,p05059
05063,p05063
05065,p05065
05067,p05067
05069,p05069
05073,p05073
05075,p05075
05077,p05077
05079,p05079
05081,p05081
05085,p05085
05091,p05091
05093,p05093
05095,p05095
05099,p05099
05103,p05103
05105,p05105
05107,p05107
05111,p05111
05115,p05115
05117,p05117
05119,p05119
05121,p05121
05123,p05123
05125,p05125
05133,p05133
05135,p05135
05137,p05137
05139,p05139
05145,p05145
05147,p05147
05149,p05149
22027,p22027
22035,p22035
22041,p22041
22061,p22061
22065,p22065
22067,p22067
22073,p22073
22083,p22083
22107,p22107
22111,p22111
22123,p22123
28001,p28001
28005,p28005
28007,p28007
28011,p28011
28015,p28015
28021,p28021
28023,p28023
28027,p28027
28029,p28029
28031,p28031
28033,p28033
28035,p28035
28037,p28037
28039,p28039
28041,p28041
28043,p28043
28045,p28045
28047,p28047
28049,p28049
28051,p28051
28053,p28053
28055,p28055
28059,p28059
28061,p28061
28063,p28063
28065,p28065
28067,p28067
28073,p28073
28075,p28075
28077,p28077
28079,p28079
28083,p28083
28085,p28085
28089,p28089
28091,p28091
28097,p28097
28101,p28101
28107,p28107
28109,p28109
28111,p28111
28113,p28113
28119,p28119
28121,p28121
28123,p28123
28125,p28125
28127,p28127
28129,p28129
28131,p28131
28133,p28133
28135,p28135
28137,p28137
28143,p28143
28147,p28147
28149,p28149
28151,p28151
28153,p28153
28157,p28157
28163,p28163
28003,p28003
28009,p28009
28013,p28013
28017,p28017
28019,p28019
28025,p28025
28057,p28057
28069,p28069
28071,p28071
28081,p28081
28087,p28087
28093,p28093
28095,p28095
28099,p28099
28103,p28103
28105,p28105
28115,p28115
28117,p28117
28139,p28139
28141,p28141
28145,p28145
28155,p28155
28159,p28159
28161,p28161
01007,p01007
01023,p01023
01033,p01033
01043,p01043
01049,p01049
01057,p01057
01059,p01059
01063,p01063
01065,p01065
01071,p01071
01073,p01073
01075,p01075
01077,p01077
01079,p01079
01083,p01083
01089,p01089
01091,p01091
01093,p01093
01095,p01095
01103,p01103
01105,p01105
01107,p01107
01117,p01117
01119,p01119
01125,p01125
01127,p01127
01131,p01131
01133,p01133
01001,p01001
01003,p01003
01005,p01005
01009,p01009
01011,p01011
01013,p01013
01015,p01015
01017,p01017
01019,p01019
01021,p01021
01025,p01025
01027,p01027
01029,p01029
01031,p01031
01035,p01035
01037,p01037
01039,p01039
01041,p01041
01045,p01045
01047,p01047
01051,p01051
01053,p01053
01055,p01055
01061,p01061
01067,p01067
01069,p01069
01081,p01081
01085,p01085
01087,p01087
01097,p01097
01099,p01099
01101,p01101
01109,p01109
01111,p01111
01113,p01113
01115,p01115
01121,p01121
01123,p01123
01129,p01129
12005,p12005
12013,p12013
12033,p12033
12045,p12045
12059,p12059
12063,p12063
12091,p12091
12113,p12113
12131,p12131
12133,p12133
47001,p47001
47003,p47003
47005,p47005
47007,p47007
47009,p47009
47011,p47011
47013,p47013
47015,p47015
47017,p47017
47019,p47019
47021,p47021
47023,p47023
47025,p47025
47027,p47027
47029,p47029
47031,p47031
47033,p47033
47035,p47035
47037,p47037
47039,p47039
47041,p47041
47043,p47043
47045,p47045
47047,p47047
47049,p47049
47051,p47051
47053,p47053
47055,p47055
47057,p47057
47059,p47059
47061,p47061
47063,p47063
47065,p47065
47067,p47067
47069,p47069
47071,p47071
47073,p47073
47075,p47075
47077,p47077
47079,p47079
47081,p47081
47083,p47083
47085,p47085
47087,p47087
47089,p47089
47091,p47091
47093,p47093
47095,p47095
47097,p47097
47099,p47099
47101,p47101
47103,p47103
47105,p47105
47107,p47107
47109,p47109
47111,p47111
47113,p47113
47115,p47115
47117,p47117
47119,p47119
47121,p47121
47123,p47123
47125,p47125
47127,p47127
47129,p47129
47131,p47131
47133,p47133
47135,p47135
47137,p47137
47139,p47139
47141,p47141
47143,p47143
47145,p47145
47147,p47147
47149,p47149
47151,p47151
47153,p47153
47155,p47155
47157,p47157
47159,p47159
47161,p47161
47163,p47163
47165,p47165
47167,p47167
47169,p47169
47171,p47171
47173,p47173
47175,p47175
47177,p47177
47179,p47179
47181,p47181
47183,p47183
47185,p47185
47187,p47187
47189,p47189
21003,p21003
21007,p21007
21031,p21031
21035,p21035
21039,p21039
21047,p21047
21053,p21053
21057,p21057
21075,p21075
21083,p21083
21105,p21105
21139,p21139
21141,p21141
21143,p21143
21145,p21145
21147,p21147
21157,p21157
21169,p21169
21171,p21171
21199,p21199
21207,p21207
21213,p21213
21219,p21219
21221,p21221
21227,p21227
21231,p21231
13001,p13001
13003,p13003
13005,p13005
13007,p13007
13009,p13009
13011,p13011
13013,p13013
13015,p13015
13017,p13017
13019,p13019
13021,p13021
13023,p13023
13025,p13025
13027,p13027
13029,p13029
13031,p13031
13033,p13033
13035,p13035
13037,p13037
13039,p13039
13043,p13043
13045,p13045
13047,p13047
13049,p13049
13051,p13051
13053,p13053
13055,p13055
13057,p13057
13059,p13059
13061,p13061
13063,p13063
13065,p13065
13067,p13067
13069,p13069
13071,p13071
13073,p13073
13075,p13075
13077,p13077
13079,p13079
13081,p13081
13083,p13083
13085,p13085
13087,p13087
13089,p13089
13091,p13091
13093,p13093
13095,p13095
13097,p13097
13099,p13099
13101,p13101
13103,p13103
13105,p13105
13107,p13107
13109,p13109
13111,p13111
13113,p13113
13115,p13115
13117,p13117
13119,p13119
13121,p13121
13123,p13123
13125,p13125
13127,p13127
13129,p13129
13131,p13131
13133,p13133
13135,p13135
13137,p13137
13139,p13139
13141,p13141
13143,p13143
13145,p13145
13147,p13147
13149,p13149
13151,p13151
13153,p13153
13155,p13155
13157,p13157
13159,p13159
13161,p13161
13163,p13163
13165,p13165
13167,p13167
13169,p13169
13171,p13171
13173,p13173
13175,p13175
13177,p13177
13179,p13179
13181,p13181
13183,p13183
13185,p13185
13187,p13187
13189,p13189
13191,p13191
13193,p13193
13195,p13195
13197,p13197
13199,p13199
13201,p13201
13205,p13205
13207,p13207
13209,p13209
13211,p13211
13213,p13213
13215,p13215
13217,p13217
13219,p13219
13221,p13221
13223,p13223
13225,p13225
13227,p13227
13229,p13229
13231,p13231
13233,p13233
13235,p13235
13237,p13237
13239,p13239
13241,p13241
13243,p13243
13245,p13245
13247,p13247
13249,p13249
13251,p13251
13253,p13253
13255,p13255
13257,p13257
13259,p13259
13261,p13261
13263,p13263
13265,p13265
13267,p13267
13269,p13269
13271,p13271
13273,p13273
13275,p13275
13277,p13277
13279,p13279
13281,p13281
13283,p13283
13285,p13285
13287,p13287
13289,p13289
13291,p13291
13293,p13293
13295,p13295
13297,p13297
13299,p13299
13301,p13301
13303,p13303
13305,p13305
13307,p13307
13309,p13309
13311,p13311
13313,p13313
13315,p13315
13317,p13317
13319,p13319
13321,p13321
45001,p45001
45007,p45007
45021,p45021
45023,p45023
45045,p45045
45047,p45047
45057,p45057
45059,p45059
45073,p45073
45077,p45077
45083,p45083
45087,p45087
45091,p45091
45003,p45003
45005,p45005
45009,p45009
45011,p45011
45013,p45013
45015,p45015
45017,p45017
45019,p45019
45025,p45025
45027,p45027
45029,p45029
45031,p45031
45033,p45033
45035,p45035
45037,p45037
45039,p45039
45041,p45041
45043,p45043
45049,p45049
45051,p45051
45053,p45053
45055,p45055
45061,p45061
45063,p45063
45065,p45065
45067,p45067
45069,p45069
45071,p45071
45075,p45075
45079,p45079
45081,p45081
45085,p45085
45089,p45089
37003,p37003
37005,p37005
37007,p37007
37009,p37009
37011,p37011
37021,p37021
37023,p37023
37025,p37025
37027,p37027
37035,p37035
37039,p37039
37043,p37043
37045,p37045
37057,p37057
37059,p37059
37067,p37067
37071,p37071
37075,p37075
37081,p37081
37087,p37087
37089,p37089
37097,p37097
37099,p37099
37109,p37109
37111,p37111
37113,p37113
37115,p37115
37119,p37119
37121,p37121
37149,p37149
37151,p37151
37157,p37157
37159,p37159
37161,p37161
37167,p37167
37169,p37169
37171,p37171
37173,p37173
37175,p37175
37179,p37179
37189,p37189
37193,p37193
37197,p37197
37199,p37199
37001,p37001
37013,p37013
37015,p37015
37017,p37017
37019,p37019
37029,p37029
37031,p37031
37033,p37033
37037,p37037
37041,p37041
37047,p37047
37049,p37049
37051,p37051
37053,p37053
37055,p37055
37061,p37061
37063,p37063
37065,p37065
37069,p37069
37073,p37073
37077,p37077
37079,p37079
37083,p37083
37085,p37085
37091,p37091
37093,p37093
37095,p37095
37101,p37101
37103,p37103
37105,p37105
37107,p37107
37117,p37117
37123,p37123
37125,p37125
37127,p37127
37129,p37129
37131,p37131
37133,p37133
37135,p37135
37137,p37137
37139,p37139
37141,p37141
37143,p37143
37145,p37145
37147,p37147
37153,p37153
37155,p37155
37163,p37163
37165,p37165
37177,p37177
37181,p37181
37183,p37183
37185,p37185
37187,p37187
37191,p37191
37195,p37195
51003,p51003
51005,p51005
51007,p51007
51011,p51011
51013,p51013
51015,p51015
51017,p51017
51025,p51025
51029,p51029
51031,p51031
51033,p51033
51036,p51036
51037,p51037
51041,p51041
51047,p51047
51049,p51049
51053,p51053
51057,p51057
51059,p51059
51061,p51061
51065,p51065
51073,p51073
51075,p51075
51081,p51081
51083,p51083
51085,p51085
51087,p51087
51091,p51091
51093,p51093
51095,p51095
51097,p51097
51099,p51099
51101,p51101
51103,p51103
51107,p51107
51109,p51109
51111,p51111
51115,p51115
51117,p51117
51119,p51119
51127,p51127
51133,p51133
51135,p51135
51137,p51137
51143,p51143
51145,p51145
51147,p51147
51149,p51149
51153,p51153
51159,p51159
51163,p51163
51165,p51165
51171,p51171
51175,p51175
51177,p51177
51179,p51179
51181,p51181
51183,p51183
51193,p51193
51199,p51199
51510,p51510
51530,p51530
51540,p51540
51550,p51550
51570,p51570
51580,p51580
51590,p51590
51595,p51595
51600,p51600
51610,p51610
51620,p51620
51630,p51630
51650,p51650
51660,p51660
51670,p51670
51678,p51678
51683,p51683
51685,p51685
51700,p51700
51710,p51710
51730,p51730
51735,p51735
51740,p51740
51760,p51760
51790,p51790
51800,p51800
51810,p51810
51820,p51820
51830,p51830
51043,p51043
51069,p51069
51079,p51079
51113,p51113
51139,p51139
51157,p51157
51187,p51187
51840,p51840
12001,p12001
12003,p12003
12007,p12007
12015,p12015
12017,p12017
12019,p12019
12021,p12021
12023,p12023
12027,p12027
12029,p12029
12031,p12031
12035,p12035
12037,p12037
12039,p12039
12041,p12041
12043,p12043
12047,p12047
12049,p12049
12051,p12051
12053,p12053
12055,p12055
12057,p12057
12065,p12065
12067,p12067
12069,p12069
12071,p12071
12073,p12073
12075,p12075
12077,p12077
12079,p12079
12081,p12081
12083,p12083
12087,p12087
12089,p12089
12093,p12093
12095,p12095
12097,p12097
12101,p12101
12103,p12103
12105,p12105
12107,p12107
12109,p12109
12115,p12115
12117,p12117
12119,p12119
12121,p12121
12123,p12123
12125,p12125
12127,p12127
12129,p12129
12009,p12009
12011,p12011
12061,p12061
12085,p12085
12086,p12086
12099,p12099
12111,p12111
26001,p26001
26005,p26005
26007,p26007
26009,p26009
26011,p26011
26015,p26015
26017,p26017
26019,p26019
26023,p26023
26025,p26025
26029,p26029
26031,p26031
26033,p26033
26035,p26035
26037,p26037
26039,p26039
26045,p26045
26047,p26047
26049,p26049
26051,p26051
26055,p26055
26057,p26057
26059,p26059
26063,p26063
26065,p26065
26067,p26067
26069,p26069
26073,p26073
26075,p26075
26079,p26079
26081,p26081
26085,p26085
26087,p26087
26089,p26089
26091,p26091
26093,p26093
26095,p26095
26097,p26097
26099,p26099
26101,p26101
26105,p26105
26107,p26107
26111,p26111
26113,p26113
26115,p26115
26117,p26117
26119,p26119
26121,p26121
26123,p26123
26125,p26125
26127,p26127
26129,p26129
26133,p26133
26135,p26135
26137,p26137
26139,p26139
26141,p26141
26143,p26143
26145,p26145
26147,p26147
26151,p26151
26153,p26153
26155,p26155
26157,p26157
26161,p26161
26163,p26163
26165,p26165
26021,p26021
26027,p26027
26077,p26077
26149,p26149
26159,p26159
18001,p18001
18003,p18003
18007,p18007
18009,p18009
18011,p18011
18015,p18015
18017,p18017
18023,p18023
18033,p18033
18035,p18035
18039,p18039
18045,p18045
18049,p18049
18053,p18053
18059,p18059
18063,p18063
18067,p18067
18069,p18069
18073,p18073
18075,p18075
18085,p18085
18087,p18087
18089,p18089
18091,p18091
18095,p18095
18099,p18099
18103,p18103
18107,p18107
18111,p18111
18113,p18113
18121,p18121
18127,p18127
18131,p18131
18133,p18133
18135,p18135
18141,p18141
18149,p18149
18151,p18151
18157,p18157
18159,p18159
18165,p18165
18167,p18167
18169,p18169
18171,p18171
18179,p18179
18181,p18181
18183,p18183
18057,p18057
18097,p18097
18005,p18005
18013,p18013
18019,p18019
18021,p18021
18025,p18025
18027,p18027
18029,p18029
18031,p18031
18037,p18037
18041,p18041
18043,p18043
18047,p18047
18051,p18051
18055,p18055
18061,p18061
18065,p18065
18071,p18071
18077,p18077
18079,p18079
18081,p18081
18083,p18083
18093,p18093
18101,p18101
18105,p18105
18109,p18109
18115,p18115
18117,p18117
18119,p18119
18123,p18123
18125,p18125
18129,p18129
18137,p18137
18139,p18139
18143,p18143
18145,p18145
18147,p18147
18153,p18153
18155,p18155
18161,p18161
18163,p18163
18173,p18173
18175,p18175
18177,p18177
21027,p21027
21033,p21033
21055,p21055
21059,p21059
21085,p21085
21091,p21091
21101,p21101
21107,p21107
21149,p21149
21177,p21177
21183,p21183
21225,p21225
21233,p21233
21001,p21001
21005,p21005
21009,p21009
21011,p21011
21013,p21013
21015,p21015
21017,p21017
21021,p21021
21023,p21023
21029,p21029
21037,p21037
21041,p21041
21045,p21045
21049,p21049
21051,p21051
21061,p21061
21063,p21063
21065,p21065
21067,p21067
21069,p21069
21073,p21073
21077,p21077
21079,p21079
21081,p21081
21087,p21087
21089,p21089
21093,p21093
21095,p21095
21097,p21097
21099,p21099
21103,p21103
21109,p21109
21111,p21111
21113,p21113
21115,p21115
21117,p21117
21121,p21121
21123,p21123
21125,p21125
21129,p21129
21135,p21135
21137,p21137
21151,p21151
21153,p21153
21155,p21155
21161,p21161
21163,p21163
21165,p21165
21167,p21167
21173,p21173
21175,p21175
21179,p21179
21181,p21181
21185,p21185
21187,p21187
21189,p21189
21191,p21191
21197,p21197
21201,p21201
21203,p21203
21205,p21205
21209,p21209
21211,p21211
21215,p21215
21217,p21217
21223,p21223
21229,p21229
21235,p21235
21237,p21237
21239,p21239
21019,p21019
21025,p21025
21043,p21043
21071,p21071
21119,p21119
21127,p21127
21131,p21131
21133,p21133
21159,p21159
21193,p21193
21195,p21195
39007,p39007
39029,p39029
39035,p39035
39043,p39043
39051,p39051
39055,p39055
39085,p39085
39093,p39093
39095,p39095
39099,p39099
39103,p39103
39123,p39123
39133,p39133
39143,p39143
39151,p39151
39153,p39153
39155,p39155
39173,p39173
39001,p39001
39003,p39003
39005,p39005
39009,p39009
39011,p39011
39013,p39013
39019,p39019
39021,p39021
39031,p39031
39033,p39033
39037,p39037
39039,p39039
39041,p39041
39045,p39045
39049,p39049
39053,p39053
39059,p39059
39063,p39063
39065,p39065
39067,p39067
39069,p39069
39071,p39071
39073,p39073
39075,p39075
39077,p39077
39079,p39079
39081,p39081
39083,p39083
39087,p39087
39089,p39089
39091,p39091
39101,p39101
39105,p39105
39107,p39107
39111,p39111
39115,p39115
39117,p39117
39119,p39119
39121,p39121
39125,p39125
39127,p39127
39129,p39129
39131,p39131
39137,p39137
39139,p39139
39141,p39141
39145,p39145
39147,p39147
39149,p39149
39157,p39157
39159,p39159
39161,p39161
39163,p39163
39167,p39167
39169,p39169
39171,p39171
39175,p39175
39023,p39023
39027,p39027
39047,p39047
39057,p39057
39097,p39097
39109,p39109
39113,p39113
39135,p39135
39015,p39015
39017,p39017
39025,p39025
39061,p39061
39165,p39165
42003,p42003
42005,p42005
42007,p42007
42019,p42019
42051,p42051
42059,p42059
42125,p42125
42129,p42129
54001,p54001
54003,p54003
54007,p54007
54009,p54009
54013,p54013
54015,p54015
54017,p54017
54021,p54021
54023,p54023
54025,p54025
54027,p54027
54029,p54029
54031,p54031
54033,p54033
54035,p54035
54037,p54037
54041,p54041
54049,p54049
54051,p54051
54057,p54057
54061,p54061
54063,p54063
54065,p54065
54067,p54067
54069,p54069
54071,p54071
54073,p54073
54075,p54075
54077,p54077
54083,p54083
54085,p54085
54087,p54087
54089,p54089
54091,p54091
54093,p54093
54095,p54095
54097,p54097
54101,p54101
54103,p54103
54105,p54105
54107,p54107
54005,p54005
54011,p54011
54019,p54019
54039,p54039
54043,p54043
54045,p54045
54047,p54047
54053,p54053
54055,p54055
54059,p54059
54079,p54079
54081,p54081
54099,p54099
54109,p54109
51009,p51009
51019,p51019
51021,p51021
51023,p51023
51027,p51027
51035,p51035
51045,p51045
51051,p51051
51063,p51063
51067,p51067
51071,p51071
51077,p51077
51089,p51089
51105,p51105
51121,p51121
51125,p51125
51141,p51141
51155,p51155
51161,p51161
51167,p51167
51169,p51169
51173,p51173
51185,p51185
51191,p51191
51195,p51195
51197,p51197
51520,p51520
51640,p51640
51680,p51680
51690,p51690
51720,p51720
51750,p51750
51770,p51770
51775,p51775
42023,p42023
42027,p42027
42035,p42035
42047,p42047
42105,p42105
42055,p42055
42057,p42057
24001,p24001
24021,p24021
24023,p24023
24043,p24043
42001,p42001
42009,p42009
42011,p42011
42013,p42013
42015,p42015
42017,p42017
42021,p42021
42025,p42025
42029,p42029
42031,p42031
42033,p42033
42037,p42037
42039,p42039
42041,p42041
42043,p42043
42045,p42045
42049,p42049
42053,p42053
42061,p42061
42063,p42063
42065,p42065
42067,p42067
42069,p42069
42071,p42071
42073,p42073
42075,p42075
42077,p42077
42079,p42079
42081,p42081
42083,p42083
42085,p42085
42087,p42087
42089,p42089
42091,p42091
42093,p42093
42095,p42095
42097,p42097
42099,p42099
42101,p42101
42103,p42103
42107,p42107
42109,p42109
42111,p42111
42113,p42113
42115,p42115
42117,p42117
42119,p42119
42121,p42121
42123,p42123
42127,p42127
42131,p42131
42133,p42133
11001,p11001
24003,p24003
24005,p24005
24009,p24009
24011,p24011
24013,p24013
24015,p24015
24017,p24017
24019,p24019
24025,p24025
24027,p24027
24029,p24029
24031,p24031
24033,p24033
24035,p24035
24037,p24037
24039,p24039
24041,p24041
24045,p24045
24047,p24047
24510,p24510
51001,p51001
51131,p51131
10001,p10001
10003,p10003
10005,p10005
34001,p34001
34003,p34003
34005,p34005
34007,p34007
34009,p34009
34011,p34011
34013,p34013
34015,p34015
34017,p34017
34019,p34019
34021,p34021
34023,p34023
34025,p34025
34027,p34027
34029,p34029
34031,p34031
34033,p34033
34035,p34035
34037,p34037
34039,p34039
34041,p34041
36001,p36001
36003,p36003
36005,p36005
36007,p36007
36009,p36009
36011,p36011
36013,p36013
36015,p36015
36017,p36017
36019,p36019
36021,p36021
36023,p36023
36025,p36025
36027,p36027
36029,p36029
36031,p36031
36033,p36033
36035,p36035
36037,p36037
36039,p36039
36041,p36041
36043,p36043
36045,p36045
36047,p36047
36049,p36049
36051,p36051
36053,p36053
36055,p36055
36057,p36057
36061,p36061
36063,p36063
36065,p36065
36067,p36067
36069,p36069
36071,p36071
36073,p36073
36075,p36075
36077,p36077
36079,p36079
36081,p36081
36083,p36083
36085,p36085
36087,p36087
36089,p36089
36091,p36091
36093,p36093
36095,p36095
36097,p36097
36099,p36099
36101,p36101
36105,p36105
36107,p36107
36109,p36109
36111,p36111
36113,p36113
36115,p36115
36117,p36117
36119,p36119
36121,p36121
36123,p36123
36059,p36059
36103,p36103
50001,p50001
50003,p50003
50005,p50005
50007,p50007
50009,p50009
50011,p50011
50013,p50013
50015,p50015
50017,p50017
50019,p50019
50021,p50021
50023,p50023
50025,p50025
50027,p50027
33001,p33001
33003,p33003
33005,p33005
33007,p33007
33009,p33009
33011,p33011
33013,p33013
33015,p33015
33017,p33017
33019,p33019
25001,p25001
25003,p25003
25005,p25005
25007,p25007
25009,p25009
25011,p25011
25013,p25013
25015,p25015
25017,p25017
25019,p25019
25021,p25021
25023,p25023
25025,p25025
25027,p25027
09110,p09110
09120,p09120
09130,p09130
09140,p09140
09150,p09150
09160,p09160
09170,p09170
09180,p09180
09190,p09190
44001,p44001
44003,p44003
44005,p44005
44007,p44007
44009,p44009
23001,p23001
23003,p23003
23005,p23005
23007,p23007
23009,p23009
23011,p23011
23013,p23013
23015,p23015
23017,p23017
23019,p23019
23021,p23021
23023,p23023
23025,p23025
23027,p23027
23029,p23029
23031,p23031
