FIPS,value
p01001,0.008654
p01003,0.047606
p01005,0.003994
p01007,0.001005
p01009,0.006465
p01011,0.001908
p01013,0.003937
p01015,0.021154
p01017,0.007585
p01019,0.003652
p01021,0.006877
p01023,0.003842
p01025,0.007888
p01027,0.001618
p01029,0.003375
p01031,0.003529
p01033,0.019788
p01035,0.002842
p01037,0.001962
p01039,0.005913
p01041,0.001593
p01043,0.013219
p01045,0.01227
p01047,0.009958
p01049,0.008125
p01051,0.012602
p01053,0.008557
p01055,0.017512
p01057,0.003698
p01059,0.006534
p01061,0.003661
p01063,0.001277
p01065,0.003409
p01067,0.002347
p01069,0.020844
p01071,0.014376
p01073,0.145636
p01075,0.001849
p01077,0.008272
p01079,0.010232
p01081,0.026553
p01083,0.023206
p01085,0.006462
p01087,0.005561
p01089,0.04663
p01091,0.007079
p01093,0.003461
p01095,0.017616
p01097,0.087894
p01099,0.003267
p01101,0.045687
p01103,0.059333
p01105,0.000757
p01107,0.003346
p01109,0.007109
p01111,0.005134
p01113,0.005532
p01115,0.012595
p01117,0.036475
p01119,0.004276
p01121,0.020297
p01123,0.007166
p01125,0.054403
p01127,0.012383
p01129,0.020269
p01131,0.002279
p01133,0.005664
p04001,0.005981
p04003,0.014811
p04005,0.022936
p04007,0.011827
p04009,0.013937
p04011,0.015843
p04012,0.004176
p04013,0.557456
p04015,0.035878
p04017,0.010548
p04019,0.184581
p04021,0.071781
p04023,0.003533
p04025,0.024869
p04027,0.021842
p05001,0.009671
p05003,0.011425
p05005,0.013585
p05007,0.072016
p05009,0.008896
p05011,0.000414
p05013,0.000215
p05015,0.003349
p05017,0.003528
p05019,0.005359
p05021,0.005248
p05023,0.010494
p05025,0.00513
p05027,0.012834
p05029,0.017589
p05031,0.04684
p05033,0.019304
p05035,0.016367
p05037,0.007369
p05039,0.001909
p05041,0.006001
p05043,0.005502
p05045,0.020505
p05047,0.003576
p05049,0.00609
p05051,0.015259
p05053,0.006722
p05055,0.017881
p05057,0.008298
p05059,0.026479
p05061,0.001834
p05063,0.010907
p05065,0.003105
p05067,0.007493
p05069,0.028507
p05071,0.009138
p05073,0.000664
p05075,0.004985
p05077,0.002155
p05079,0.00519
p05081,0.011622
p05083,0.004927
p05085,0.021799
p05087,0.001988
p05089,0.002804
p05091,0.004325
p05093,0.062528
p05095,0.004362
p05097,0.0
p05099,0.007775
p05101,0.0
p05103,0.011074
p05105,0.003427
p05107,0.004923
p05109,0.002383
p05111,0.004868
p05113,0.001571
p05115,0.03451
p05117,0.003429
p05119,0.129602
p05121,0.005813
p05123,0.006565
p05125,0.026281
p05127,0.002787
p05129,0.002238
p05131,0.029749
p05133,0.008111
p05135,0.002067
p05137,0.00236
p05139,0.021592
p05141,0.00591
p05143,0.078698
p05145,0.018401
p05147,0.00327
p05149,0.006406
p06001,0.030309
p06003,0.0
p06005,0.001861
p06007,0.004295
p06009,0.000776
p06011,0.001124
p06013,0.036671
p06015,0.00101
p06017,0.004184
p06019,0.030961
p06021,0.000979
p06023,0.002546
p06025,0.01296
p06027,0.000229
p06029,0.034444
p06031,0.004586
p06033,0.001032
p06035,0.000266
p06037,0.233672
p06039,0.004964
p06041,0.004051
p06043,0.000371
p06045,0.001241
p06047,0.009571
p06049,0.000904
p06051,0.000201
p06053,0.007679
p06055,0.004247
p06057,0.002176
p06059,0.085845
p06061,0.011644
p06063,0.000453
p06065,0.044019
p06067,0.031123
p06069,0.001361
p06071,0.102313
p06073,0.070774
p06075,0.013506
p06077,0.02032
p06079,0.005916
p06081,0.017529
p06083,0.009707
p06085,0.052668
p06087,0.003258
p06089,0.004764
p06091,0.000264
p06093,0.001855
p06095,0.011759
p06097,0.006181
p06099,0.016135
p06101,0.00232
p06103,0.001268
p06105,0.000317
p06107,0.019324
p06109,0.001403
p06111,0.019253
p06113,0.005492
p06115,0.00192
p08001,0.09875
p08003,0.003205
p08005,0.110315
p08007,0.001481
p08009,0.00185
p08011,0.000792
p08013,0.063129
p08014,0.008727
p08015,0.005381
p08017,0.000192
p08019,0.003007
p08021,0.001106
p08023,0.000767
p08025,0.000518
p08027,0.0
p08029,0.002154
p08031,0.139901
p08033,0.000921
p08035,0.069594
p08037,0.007847
p08039,0.001637
p08041,0.063661
p08043,0.010486
p08045,0.014346
p08047,0.0
p08049,0.009059
p08051,0.005773
p08053,0.000202
p08055,0.004391
p08057,0.0
p08059,0.087733
p08061,0.000356
p08063,0.001926
p08065,0.000466
p08067,0.012867
p08069,0.044379
p08071,0.001504
p08073,0.001182
p08075,0.004792
p08077,0.022942
p08079,0.000204
p08081,0.003515
p08083,0.007081
p08085,0.003768
p08087,0.006186
p08089,0.004909
p08091,0.0
p08093,0.000352
p08095,0.000681
p08097,0.006124
p08099,0.003605
p08101,0.045846
p08103,0.020732
p08105,0.004798
p08107,0.007286
p08109,0.000687
p08111,0.0
p08113,0.002093
p08115,0.005213
p08117,0.005072
p08119,0.002774
p08121,0.001026
p08123,0.056615
p08125,0.004095
p09110,0.270709
p09120,0.069911
p09130,0.041332
p09140,0.102018
p09150,0.022889
p09160,0.021394
p09170,0.174402
p09180,0.091777
p09190,0.205568
p10001,0.141897
p10003,0.557239
p10005,0.300864
p11001,1.0
p12001,0.011678
p12003,0.001286
p12005,0.010913
p12007,0.001626
p12009,0.029118
p12011,0.085114
p12013,0.000486
p12015,0.007926
p12017,0.007299
p12019,0.005922
p12021,0.012177
p12023,0.003384
p12027,0.00122
p12029,0.000761
p12031,0.050616
p12033,0.01601
p12035,0.00584
p12037,0.000977
p12039,0.001763
p12041,0.00173
p12043,0.000236
p12045,0.001082
p12047,0.002299
p12049,0.003224
p12051,0.001865
p12053,0.007377
p12055,0.004043
p12057,0.068817
p12059,0.000964
p12061,0.007404
p12063,0.001945
p12065,0.00095
p12067,0.000288
p12069,0.021567
p12071,0.039028
p12073,0.011616
p12075,0.002324
p12077,0.000374
p12079,0.000868
p12081,0.016514
p12083,0.013923
p12085,0.010658
p12086,0.114864
p12087,0.005394
p12089,0.003607
p12091,0.012633
p12093,0.001522
p12095,0.075676
p12097,0.015673
p12099,0.07142
p12101,0.021725
p12103,0.04563
p12105,0.033191
p12107,0.003909
p12109,0.011198
p12111,0.009768
p12113,0.007558
p12115,0.025101
p12117,0.023286
p12119,0.006008
p12121,0.002291
p12123,0.001514
p12125,0.00093
p12127,0.026427
p12129,0.001963
p12131,0.003725
p12133,0.001776
p13001,0.002505
p13003,0.000642
p13005,0.001056
p13007,0.0
p13009,0.003889
p13011,0.002035
p13013,0.010954
p13015,0.014253
p13017,0.001572
p13019,0.00207
p13021,0.013203
p13023,0.000889
p13025,0.001147
p13027,0.000566
p13029,0.002763
p13031,0.006255
p13033,0.00649
p13035,0.002892
p13037,0.001114
p13039,0.0051
p13043,0.001249
p13045,0.009393
p13047,0.007127
p13049,0.001138
p13051,0.030054
p13053,0.001337
p13055,0.002634
p13057,0.019634
p13059,0.012036
p13061,0.000167
p13063,0.02184
p13065,0.001073
p13067,0.067689
p13069,0.004848
p13071,0.004302
p13073,0.015711
p13075,0.001264
p13077,0.011311
p13079,0.00071
p13081,0.001352
p13083,0.002704
p13085,0.001906
p13087,0.003264
p13089,0.053817
p13091,0.001584
p13093,0.001466
p13095,0.012094
p13097,0.012936
p13099,0.002428
p13101,0.000369
p13103,0.008302
p13105,0.001499
p13107,0.001493
p13109,0.000877
p13111,0.001173
p13113,0.010159
p13115,0.011992
p13117,0.024171
p13119,0.001824
p13121,0.114146
p13123,0.002604
p13125,0.0
p13127,0.010543
p13129,0.006512
p13131,0.002223
p13133,0.00234
p13135,0.064751
p13137,0.003015
p13139,0.019423
p13141,0.000499
p13143,0.003232
p13145,0.005824
p13147,0.003452
p13149,0.001463
p13151,0.017115
p13153,0.015939
p13155,0.000798
p13157,0.010121
p13159,0.000378
p13161,0.002229
p13163,0.002378
p13165,0.001106
p13167,0.000639
p13169,0.002194
p13171,0.002126
p13173,0.001496
p13175,0.005337
p13177,0.002842
p13179,0.008341
p13181,0.000721
p13183,0.000578
p13185,0.013611
p13187,0.001358
p13189,0.003179
p13191,0.000962
p13193,0.000672
p13195,0.00176
p13197,0.00044
p13199,0.001317
p13201,0.001126
p13205,0.001906
p13207,0.006376
p13209,0.000416
p13211,0.002164
p13213,0.003138
p13215,0.01906
p13217,0.01427
p13219,0.003249
p13221,0.001047
p13223,0.010364
p13225,0.004164
p13227,0.002261
p13229,0.001689
p13231,0.001862
p13233,0.002666
p13235,0.001258
p13237,0.002276
p13239,0.000141
p13241,0.001478
p13243,0.000777
p13245,0.026086
p13247,0.008722
p13249,0.000399
p13251,0.001267
p13253,0.000727
p13255,0.006091
p13257,0.001847
p13259,0.000587
p13261,0.004
p13263,0.0
p13265,0.0
p13267,0.002431
p13269,0.000279
p13271,0.0
p13273,0.001135
p13275,0.005868
p13277,0.005062
p13279,0.002798
p13281,0.001082
p13283,0.00054
p13285,0.009165
p13287,0.000965
p13289,0.000795
p13291,0.001067
p13293,0.002299
p13295,0.004424
p13297,0.006103
p13299,0.003117
p13301,0.001378
p13303,0.002933
p13305,0.003296
p13307,0.000751
p13309,0.001241
p13311,0.002273
p13313,0.014786
p13315,0.000768
p13317,0.001062
p13319,0.002771
p13321,0.004211
p16001,0.237357
p16003,0.000992
p16005,0.023335
p16007,0.003708
p16009,0.005435
p16011,0.037447
p16013,0.007287
p16015,0.0
p16017,0.014074
p16019,0.025815
p16021,0.003721
p16023,0.03057
p16025,0.001563
p16027,0.0927
p16029,0.064076
p16031,0.031081
p16033,0.002756
p16035,0.003483
p16037,0.0
p16039,0.00966
p16041,0.008356
p16043,0.007475
p16045,0.007337
p16047,0.017669
p16049,0.005621
p16051,0.047018
p16053,0.045783
p16055,0.044529
p16057,0.012518
p16059,0.0
p16061,0.00279
p16063,0.000909
p16065,0.004849
p16067,0.060163
p16069,0.036919
p16071,0.004387
p16073,0.002856
p16075,0.004735
p16077,0.040723
p16079,0.006276
p16081,0.008839
p16083,0.024797
p16085,0.006696
p16087,0.003697
p17001,0.005736
p17003,0.001007
p17005,0.00066
p17007,0.005281
p17009,0.0
p17011,0.002302
p17013,0.004799
p17015,0.001054
p17017,7.4e-05
p17019,0.013367
p17021,0.002386
p17023,0.0
p17025,0.001768
p17027,0.002647
p17029,0.004006
p17031,0.375239
p17033,0.004333
p17035,0.0
p17037,0.006386
p17039,0.001977
p17041,0.002224
p17043,0.081183
p17045,0.00116
p17047,0.001392
p17049,0.003002
p17051,0.001865
p17053,0.000829
p17055,0.003097
p17057,0.00271
p17059,0.001207
p17061,0.000941
p17063,0.009797
p17065,0.0
p17067,0.00122
p17069,0.0
p17071,0.0
p17073,0.003212
p17075,0.002064
p17077,0.003588
p17079,0.002319
p17081,0.002902
p17083,0.005349
p17085,0.001936
p17087,0.0
p17089,0.026086
p17091,0.011366
p17093,0.013233
p17095,0.004882
p17097,0.052901
p17099,0.009941
p17101,0.00144
p17103,0.005536
p17105,0.003572
p17107,0.002082
p17109,0.002087
p17111,0.026141
p17113,0.011492
p17115,0.018419
p17117,0.001285
p17119,0.025659
p17121,0.00338
p17123,0.00081
p17125,0.004013
p17127,0.003704
p17129,0.000223
p17131,0.0
p17133,0.001052
p17135,0.004767
p17137,0.004408
p17139,0.0
p17141,0.002567
p17143,0.016861
p17145,0.000976
p17147,0.00024
p17149,0.000565
p17151,0.0
p17153,0.000472
p17155,0.001878
p17157,0.006176
p17159,0.001721
p17161,0.014645
p17163,0.021423
p17165,0.001254
p17167,0.015679
p17169,0.000765
p17171,7e-06
p17173,0.003563
p17175,0.0
p17177,0.004363
p17179,0.014613
p17181,0.0
p17183,0.005693
p17185,0.00086
p17187,0.0
p17189,0.004504
p17191,0.0
p17193,0.001763
p17195,0.004693
p17197,0.045278
p17199,0.003547
p17201,0.019277
p17203,0.00312
p18001,0.004965
p18003,0.040928
p18005,0.011093
p18007,0.000413
p18009,0.001187
p18011,0.010858
p18013,0.002961
p18015,0.002042
p18017,0.004227
p18019,0.010954
p18021,0.005624
p18023,0.005165
p18025,0.001139
p18027,0.004294
p18029,0.006081
p18031,0.004954
p18033,0.022285
p18035,0.014001
p18037,0.00541
p18039,0.023091
p18041,0.005805
p18043,0.017108
p18045,0.002929
p18047,0.003133
p18049,0.003301
p18051,0.011431
p18053,0.008804
p18055,0.005746
p18057,0.04472
p18059,0.008798
p18061,0.004811
p18063,0.023107
p18065,0.005738
p18067,0.016318
p18069,0.004518
p18071,0.011057
p18073,0.000361
p18075,0.005153
p18077,0.006008
p18079,0.002535
p18081,0.026266
p18083,0.010009
p18085,0.023034
p18087,0.003691
p18089,0.110243
p18091,0.021743
p18093,0.005779
p18095,0.00596
p18097,0.119526
p18099,0.006568
p18101,0.002039
p18103,0.003935
p18105,0.018844
p18107,0.015778
p18109,0.014025
p18111,0.002165
p18113,0.006116
p18115,0.0
p18117,0.003251
p18119,0.001644
p18121,0.002625
p18123,0.004465
p18125,0.001183
p18127,0.004799
p18129,0.005406
p18131,0.002081
p18133,0.005148
p18135,0.003518
p18137,0.001226
p18139,0.001907
p18141,0.036161
p18143,0.003109
p18145,0.011434
p18147,0.003473
p18149,0.0
p18151,0.004413
p18153,0.002763
p18155,0.000823
p18157,0.030974
p18159,0.002614
p18161,0.001523
p18163,0.014088
p18165,0.010774
p18167,0.019504
p18169,0.007015
p18171,0.000841
p18173,0.025047
p18175,0.002752
p18177,0.004863
p18179,0.003593
p18181,0.005594
p18183,0.002619
p19001,0.002595
p19003,0.002179
p19005,0.003584
p19007,0.002897
p19009,0.000975
p19011,0.002198
p19013,0.04258
p19015,0.00483
p19017,0.005563
p19019,0.004921
p19021,0.00871
p19023,0.003191
p19025,0.002434
p19027,0.007878
p19029,0.003157
p19031,0.006675
p19033,0.011687
p19035,0.004497
p19037,0.004421
p19039,0.00262
p19041,0.006957
p19043,0.004674
p19045,0.021278
p19047,0.005325
p19049,0.01859
p19051,0.002007
p19053,0.001874
p19055,0.005276
p19057,0.010991
p19059,0.00727
p19061,0.021139
p19063,0.003092
p19065,0.004758
p19067,0.005218
p19069,0.00391
p19071,0.001965
p19073,0.004083
p19075,0.005343
p19077,0.002214
p19079,0.002594
p19081,0.002515
p19083,0.005974
p19085,0.003701
p19087,0.006537
p19089,0.000828
p19091,0.002296
p19093,0.004624
p19095,0.00276
p19097,0.003551
p19099,0.00665
p19101,0.004203
p19103,0.038261
p19105,0.00395
p19107,0.001144
p19109,0.007099
p19111,0.016254
p19113,0.067748
p19115,0.018299
p19117,0.001788
p19119,0.000341
p19121,0.003163
p19123,0.012153
p19125,0.009767
p19127,0.008709
p19129,0.005398
p19131,0.004259
p19133,0.002475
p19135,0.005465
p19137,0.004065
p19139,0.011053
p19141,0.007021
p19143,0.001193
p19145,0.005766
p19147,0.004756
p19149,0.017037
p19151,0.003533
p19153,0.134412
p19155,0.065334
p19157,0.005536
p19159,0.000988
p19161,0.004057
p19163,0.056979
p19165,0.004459
p19167,0.013623
p19169,0.026681
p19171,0.001401
p19173,0.001281
p19175,0.003777
p19177,0.00446
p19179,0.016386
p19181,0.012204
p19183,0.002561
p19185,0.00113
p19187,0.015702
p19189,0.002481
p19191,0.005014
p19193,0.036142
p19195,0.00624
p19197,0.008663
p20001,0.006134
p20003,0.0
p20005,0.00511
p20007,0.002203
p20009,0.00908
p20011,0.003246
p20013,0.002629
p20015,0.038701
p20017,0.004529
p20019,0.001218
p20021,0.006035
p20023,0.000621
p20025,0.0
p20027,0.005336
p20029,0.002088
p20031,0.008712
p20033,0.0
p20035,0.013185
p20037,0.010357
p20039,0.000924
p20041,0.007501
p20043,0.0
p20045,0.031412
p20047,0.000864
p20049,0.0
p20051,0.008344
p20053,0.006737
p20055,0.01185
p20057,0.010558
p20059,0.010048
p20061,0.012226
p20063,0.001925
p20065,0.0017
p20067,0.004082
p20069,0.001281
p20071,0.000521
p20073,0.001677
p20075,0.001137
p20077,0.001457
p20079,0.015839
p20081,0.002915
p20083,0.000863
p20085,0.002842
p20087,0.013998
p20089,0.000392
p20091,0.183264
p20093,0.001294
p20095,0.0
p20097,0.002415
p20099,0.003307
p20101,0.000738
p20103,0.028151
p20105,0.0
p20107,0.017552
p20109,0.0
p20111,0.010485
p20113,0.01903
p20115,0.002149
p20117,0.003505
p20119,0.000931
p20121,0.007431
p20123,0.001678
p20125,0.009824
p20127,0.001416
p20129,0.001472
p20131,0.00492
p20133,0.008123
p20135,0.001305
p20137,0.001153
p20139,0.002492
p20141,5.1e-05
p20143,0.0
p20145,0.003967
p20147,0.001583
p20149,0.021974
p20151,0.002431
p20153,0.001354
p20155,0.01656
p20157,0.0
p20159,0.007775
p20161,0.022707
p20163,0.002365
p20165,0.00129
p20167,0.004028
p20169,0.015579
p20171,0.001817
p20173,0.14283
p20175,0.010679
p20177,0.053961
p20179,0.00223
p20181,0.001235
p20183,0.00126
p20185,0.003569
p20187,0.001273
p20189,0.001804
p20191,0.011756
p20193,0.003861
p20195,0.001654
p20197,0.003662
p20199,0.00059
p20201,0.001255
p20203,0.001134
p20205,0.009774
p20207,0.000565
p20209,0.060513
p21001,0.002804
p21003,0.002983
p21005,0.003163
p21007,0.001171
p21009,0.009751
p21011,0.001425
p21013,0.004128
p21015,0.035307
p21017,0.009091
p21019,0.01331
p21021,0.005101
p21023,0.003814
p21025,0.001478
p21027,0.004415
p21029,0.010935
p21031,0.0
p21033,0.002369
p21035,0.007389
p21037,0.015225
p21039,0.003524
p21041,0.028644
p21043,0.003816
p21045,0.003428
p21047,0.011248
p21049,0.007582
p21051,0.002183
p21053,0.002462
p21055,0.001002
p21057,0.001
p21059,0.022631
p21061,0.0
p21063,0.000993
p21065,0.00417
p21067,0.031493
p21069,0.001436
p21071,0.00819
p21073,0.011354
p21075,0.0
p21077,0.016937
p21079,0.002213
p21081,0.00222
p21083,0.005575
p21085,0.004588
p21087,0.001296
p21089,0.006276
p21091,0.037989
p21093,0.01764
p21095,0.006251
p21097,0.003547
p21099,0.006651
p21101,0.013161
p21103,0.002803
p21105,0.00207
p21107,0.012
p21109,0.00129
p21111,0.161434
p21113,0.023128
p21115,0.005162
p21117,0.023737
p21119,0.001382
p21121,0.002866
p21123,0.002104
p21125,0.012464
p21127,0.004667
p21129,0.00087
p21131,0.00163
p21133,0.003458
p21135,0.00102
p21137,0.004023
p21139,0.007374
p21141,0.016055
p21143,0.00212
p21145,0.018047
p21147,0.002278
p21149,0.001894
p21151,0.01466
p21153,0.001759
p21155,0.003947
p21157,0.020232
p21159,0.001367
p21161,0.015864
p21163,0.007578
p21165,0.000691
p21167,0.009713
p21169,0.002115
p21171,0.001559
p21173,0.005615
p21175,0.001614
p21177,0.00776
p21179,0.00897
p21181,0.001173
p21183,0.002679
p21185,0.008226
p21187,0.001588
p21189,0.000474
p21191,0.001328
p21193,0.007267
p21195,0.013744
p21197,0.002062
p21199,0.015086
p21201,0.0
p21203,0.001925
p21205,0.004531
p21207,0.003052
p21209,0.007963
p21211,0.008162
p21213,0.006569
p21215,0.003298
p21217,0.004289
p21219,0.00915
p21221,0.003265
p21223,0.007063
p21225,0.004852
p21227,0.028372
p21229,0.001823
p21231,0.003759
p21233,0.008307
p21235,0.005097
p21237,0.001004
p21239,0.013209
p22001,0.01098
p22003,0.004595
p22005,0.0437
p22007,0.003315
p22009,0.004996
p22011,0.009385
p22013,0.002189
p22015,0.029281
p22017,0.038222
p22019,0.080715
p22021,0.002362
p22023,0.001146
p22025,0.002581
p22027,0.000744
p22029,0.003492
p22031,0.003061
p22033,0.087162
p22035,0.0
p22037,0.004661
p22039,0.006474
p22041,0.00257
p22043,0.00189
p22045,0.013928
p22047,0.048775
p22049,0.003498
p22051,0.062969
p22053,0.006403
p22055,0.027726
p22057,0.016281
p22059,0.002328
p22061,0.005323
p22063,0.024331
p22065,0.001457
p22067,0.005211
p22069,0.009565
p22071,0.071579
p22073,0.02274
p22075,0.005823
p22077,0.005211
p22079,0.023645
p22081,0.002947
p22083,0.004153
p22085,0.002787
p22087,0.007625
p22089,0.065648
p22091,0.0
p22093,0.019993
p22095,0.019532
p22097,0.019133
p22099,0.006654
p22101,0.009525
p22103,0.031825
p22105,0.014489
p22107,0.0
p22109,0.018636
p22111,0.003963
p22113,0.014235
p22115,0.003919
p22117,0.009775
p22119,0.008402
p22121,0.026323
p22123,0.001969
p22125,0.004682
p22127,0.00347
p23001,0.084067
p23003,0.020704
p23005,0.203643
p23007,0.051235
p23009,0.028662
p23011,0.070485
p23013,0.027215
p23015,0.01566
p23017,0.085181
p23019,0.078804
p23021,0.009882
p23023,0.035822
p23025,0.079719
p23027,0.044528
p23029,0.010393
p23031,0.154
p24001,0.01382
p24003,0.103185
p24005,0.155847
p24009,0.006527
p24011,0.004016
p24013,0.021131
p24015,0.014926
p24017,0.016464
p24019,0.00927
p24021,0.039568
p24023,0.006262
p24025,0.040358
p24027,0.06127
p24029,0.005195
p24031,0.143076
p24033,0.18971
p24035,0.008614
p24037,0.01559
p24039,0.002278
p24041,0.010533
p24043,0.026953
p24045,0.015298
p24047,0.018937
p24510,0.071174
p25001,0.044094
p25003,0.03291
p25005,0.099002
p25007,0.002962
p25009,0.078616
p25011,0.019507
p25013,0.118032
p25015,0.028561
p25017,0.218001
p25019,0.0
p25021,0.084324
p25023,0.075342
p25025,0.080333
p25027,0.118318
p26001,0.000373
p26003,0.000523
p26005,0.012294
p26007,0.002591
p26009,0.003401
p26011,0.001895
p26013,0.000705
p26015,0.005894
p26017,0.01066
p26019,0.000661
p26021,0.020111
p26023,0.003413
p26025,0.016624
p26027,0.005376
p26029,0.002759
p26031,0.002519
p26033,0.004527
p26035,0.001451
p26037,0.006625
p26039,0.000543
p26041,0.004885
p26043,0.003691
p26045,0.011405
p26047,0.004251
p26049,0.032676
p26051,0.002236
p26053,0.00195
p26055,0.011562
p26057,0.003928
p26059,0.003749
p26061,0.002126
p26063,0.00534
p26065,0.026197
p26067,0.003951
p26069,0.002405
p26071,0.00088
p26073,0.005689
p26075,0.01498
p26077,0.024274
p26079,0.001023
p26081,0.039235
p26083,5.3e-05
p26085,0.000815
p26087,0.008145
p26089,0.000957
p26091,0.009255
p26093,0.009877
p26095,0.000526
p26097,0.001308
p26099,0.077222
p26101,0.003441
p26103,0.019198
p26105,0.001724
p26107,0.001889
p26109,0.001466
p26111,0.00696
p26113,0.000593
p26115,0.021506
p26117,0.005066
p26119,0.001434
p26121,0.01595
p26123,0.006362
p26125,0.13489
p26127,0.00382
p26129,0.000902
p26131,0.000482
p26133,0.001236
p26135,0.000181
p26137,0.002347
p26139,0.055396
p26141,0.001133
p26143,0.002737
p26145,0.028714
p26147,0.026868
p26149,0.006807
p26151,0.004182
p26153,0.000922
p26155,0.007364
p26157,0.005297
p26159,0.008925
p26161,0.040137
p26163,0.159398
p26165,0.005138
p27001,0.001675
p27003,0.046081
p27005,0.007593
p27007,0.006042
p27009,0.001921
p27011,0.002666
p27013,0.01461
p27015,0.005882
p27017,0.007642
p27019,0.017601
p27021,0.00736
p27023,0.005176
p27025,0.008639
p27027,0.023356
p27029,0.003933
p27031,0.001416
p27033,0.001768
p27035,0.009601
p27037,0.073849
p27039,0.002849
p27041,0.007217
p27043,0.00303
p27045,0.003547
p27047,0.005517
p27049,0.013744
p27051,0.000928
p27053,0.192645
p27055,0.002633
p27057,0.003717
p27059,0.00367
p27061,0.025094
p27063,0.00373
p27065,0.002006
p27067,0.007483
p27069,0.003883
p27071,0.006271
p27073,0.000639
p27075,0.004331
p27077,0.004759
p27079,0.005196
p27081,0.00031
p27083,0.007516
p27085,0.006763
p27087,0.000386
p27089,0.002987
p27091,0.005554
p27093,0.003454
p27095,0.003821
p27097,0.005479
p27099,0.005342
p27101,0.001249
p27103,0.004272
p27105,0.004633
p27107,0.000329
p27109,0.023614
p27111,0.010215
p27113,0.007578
p27115,0.003048
p27117,0.001182
p27119,0.004418
p27121,0.002633
p27123,0.079476
p27125,0.003126
p27127,0.002556
p27129,0.002797
p27131,0.011137
p27133,0.000545
p27135,0.002555
p27137,0.060721
p27139,0.015393
p27141,0.023664
p27143,0.003021
p27145,0.033464
p27147,0.006857
p27149,0.00138
p27151,0.003612
p27153,0.002983
p27155,0.001708
p27157,0.005357
p27159,0.003354
p27161,0.006205
p27163,0.042833
p27165,0.002147
p27167,9.4e-05
p27169,0.008665
p27171,0.020942
p27173,0.000925
p28001,0.008313
p28003,0.011385
p28005,0.00591
p28007,0.003183
p28009,0.000649
p28011,0.007929
p28013,0.003956
p28015,0.002461
p28017,0.005325
p28019,0.00504
p28021,0.006935
p28023,0.008574
p28025,0.008296
p28027,0.006326
p28029,0.007648
p28031,0.009654
p28033,0.065041
p28035,0.024147
p28037,0.003071
p28039,0.006343
p28041,0.002934
p28043,0.011836
p28045,0.015584
p28047,0.06039
p28049,0.069414
p28051,0.004409
p28053,0.002761
p28055,0.0033
p28057,0.008703
p28059,0.061428
p28061,0.005812
p28063,0.002191
p28065,0.00223
p28067,0.018681
p28069,0.026826
p28071,0.012287
p28073,0.014009
p28075,0.022375
p28077,0.006177
p28079,0.011374
p28081,0.022406
p28083,0.011551
p28085,0.011467
p28087,0.045711
p28089,0.026265
p28091,0.007485
p28093,0.01075
p28095,0.013474
p28097,0.004691
p28099,0.008687
p28101,0.004253
p28103,0.002596
p28105,0.009201
p28107,0.011183
p28109,0.011361
p28111,0.003321
p28113,0.016405
p28115,0.009787
p28117,0.013624
p28119,0.001005
p28121,0.049281
p28123,0.011698
p28125,0.002266
p28127,0.006611
p28129,0.007132
p28131,0.005333
p28133,0.011424
p28135,0.002422
p28137,0.005463
p28139,0.004573
p28141,0.005736
p28143,0.002607
p28145,0.007303
p28147,0.003527
p28149,0.014622
p28151,0.013449
p28153,0.015057
p28155,0.002536
p28157,0.002736
p28159,0.00462
p28161,0.003788
p28163,0.009683
p29001,0.002714
p29003,0.002161
p29005,0.001185
p29007,0.007203
p29009,0.001641
p29011,0.004936
p29013,0.002256
p29015,0.004114
p29017,0.001211
p29019,0.023842
p29021,0.015975
p29023,0.009236
p29025,0.000134
p29027,0.008074
p29029,0.003605
p29031,0.015421
p29033,0.002583
p29035,0.0
p29037,0.014926
p29039,0.002295
p29041,0.003163
p29043,0.0099
p29045,0.001018
p29047,0.030525
p29049,0.002533
p29051,0.013643
p29053,0.004568
p29055,0.005418
p29057,0.000981
p29059,0.001946
p29061,0.00234
p29063,0.002113
p29065,0.002782
p29067,0.001979
p29069,0.005317
p29071,0.026386
p29073,0.001444
p29075,0.000966
p29077,0.052952
p29079,0.002834
p29081,0.001548
p29083,0.005558
p29085,0.001449
p29087,0.000341
p29089,0.001752
p29091,0.004842
p29093,0.00276
p29095,0.114215
p29097,0.014165
p29099,0.030143
p29101,0.0061
p29103,0.002267
p29105,0.006466
p29107,0.013268
p29109,0.006685
p29111,0.000524
p29113,0.006673
p29115,0.000512
p29117,0.003143
p29119,0.004612
p29121,0.002648
p29123,0.001884
p29125,0.00124
p29127,0.005534
p29129,0.000774
p29131,0.006608
p29133,0.001262
p29135,0.003997
p29137,0.001595
p29139,0.004798
p29141,0.005599
p29143,0.031361
p29145,0.00902
p29147,0.004099
p29149,0.001638
p29151,0.00227
p29153,0.001071
p29155,0.003543
p29157,0.004454
p29159,0.010468
p29161,0.006958
p29163,0.004252
p29165,0.024074
p29167,0.004936
p29169,0.008462
p29171,0.001024
p29173,0.000623
p29175,0.005008
p29177,0.004007
p29179,0.005198
p29181,0.002177
p29183,0.03007
p29185,0.000675
p29186,0.00384
p29187,0.008015
p29189,0.147434
p29195,0.00208
p29197,0.000349
p29199,0.000826
p29201,0.006798
p29203,0.001699
p29205,0.001938
p29207,0.005529
p29209,0.007698
p29211,0.0016
p29213,0.009679
p29215,0.004708
p29217,0.003664
p29219,0.011595
p29221,0.00213
p29223,0.001065
p29225,0.007036
p29227,0.000256
p29229,0.00135
p29510,0.046042
p30001,0.016112
p30003,0.009666
p30005,0.080792
p30007,0.004765
p30009,0.015081
p30011,0.002377
p30013,0.036334
p30015,0.002244
p30017,0.048483
p30019,0.0
p30021,0.014564
p30023,0.05244
p30025,0.020718
p30027,0.005901
p30029,0.086376
p30031,0.03564
p30033,0.0
p30035,0.014548
p30037,0.001985
p30039,0.000227
p30041,0.018064
p30043,0.002169
p30045,0.006088
p30047,0.001988
p30049,0.029727
p30051,6.6e-05
p30053,0.012901
p30055,0.022216
p30057,0.009705
p30059,0.001099
p30061,0.002535
p30063,0.055258
p30065,0.004221
p30067,0.005609
p30069,0.0
p30071,0.025526
p30073,0.002535
p30075,0.00374
p30077,0.003554
p30079,0.010566
p30081,0.017095
p30083,0.017388
p30085,0.020877
p30087,0.045618
p30089,0.031556
p30091,0.004598
p30093,0.031247
p30095,0.007325
p30097,0.022885
p30099,0.001679
p30101,0.00925
p30103,0.0
p30105,0.035361
p30107,0.004072
p30109,0.0
p30111,0.085228
p31001,0.021914
p31003,0.01194
p31005,0.00025
p31007,0.0
p31009,0.0
p31011,0.004326
p31013,0.00805
p31015,0.000619
p31017,0.005792
p31019,0.016368
p31021,0.001952
p31023,0.005644
p31025,0.014773
p31027,0.008592
p31029,0.009461
p31031,0.00277
p31033,0.006975
p31035,0.006865
p31037,0.003189
p31039,0.005234
p31041,0.013461
p31043,0.015552
p31045,0.003682
p31047,0.013566
p31049,0.001693
p31051,0.0
p31053,0.019454
p31055,0.217603
p31057,0.000197
p31059,0.005473
p31061,0.0
p31063,0.004535
p31065,0.001736
p31067,0.009353
p31069,0.00159
p31071,0.0
p31073,0.004248
p31075,0.00032
p31077,0.003195
p31079,0.025904
p31081,0.01132
p31083,0.001935
p31085,0.001543
p31087,0.004613
p31089,0.011821
p31091,0.0
p31093,0.002635
p31095,0.006593
p31097,0.001673
p31099,0.009874
p31101,0.010553
p31103,0.0
p31105,0.000973
p31107,0.009171
p31109,0.128413
p31111,0.019315
p31113,0.002836
p31115,0.0
p31117,0.0
p31119,0.017762
p31121,0.001957
p31123,0.003553
p31125,0.002024
p31127,0.007601
p31129,0.000823
p31131,0.019805
p31133,0.000238
p31135,0.01176
p31137,0.007817
p31139,0.0
p31141,0.030602
p31143,0.004526
p31145,0.003591
p31147,0.001755
p31149,0.0
p31151,0.005701
p31153,0.072502
p31155,0.008411
p31157,0.009447
p31159,0.005704
p31161,0.002523
p31163,0.001661
p31165,0.0
p31167,0.019178
p31169,0.004058
p31171,0.000834
p31173,0.0
p31175,0.0053
p31177,0.038001
p31179,0.0
p31181,0.002081
p31183,0.0
p31185,0.011242
p32001,0.004908
p32003,0.761439
p32005,0.017893
p32007,0.02194
p32009,0.000439
p32011,0.027687
p32013,0.017563
p32015,0.005288
p32017,0.000552
p32019,0.003606
p32021,0.001196
p32023,0.009314
p32027,0.001599
p32029,0.024445
p32031,0.090824
p32033,0.003581
p32510,0.007727
p33001,0.034847
p33003,0.029472
p33005,0.047575
p33007,0.029771
p33009,0.058138
p33011,0.281394
p33013,0.115352
p33015,0.259164
p33017,0.112367
p33019,0.031921
p34001,0.036767
p34003,0.105221
p34005,0.048261
p34007,0.063414
p34009,0.018264
p34011,0.015775
p34013,0.073499
p34015,0.032563
p34017,0.062677
p34019,0.014341
p34021,0.044168
p34023,0.09798
p34025,0.080891
p34027,0.062043
p34029,0.067904
p34031,0.036158
p34033,0.011134
p34035,0.047853
p34037,0.012239
p34039,0.054541
p34041,0.014306
p35001,0.20607
p35003,0.0
p35005,0.033899
p35006,0.006488
p35007,0.011423
p35009,0.033995
p35011,0.0
p35013,0.093431
p35015,0.091379
p35017,0.028829
p35019,0.0
p35021,0.0
p35023,0.002715
p35025,0.170525
p35027,0.005304
p35028,0.009151
p35029,0.007327
p35031,0.030676
p35033,0.000148
p35035,0.021936
p35037,0.006363
p35039,0.013407
p35041,0.0159
p35043,0.066073
p35045,0.058594
p35047,0.005708
p35049,0.02906
p35051,0.003629
p35053,0.006192
p35055,0.006287
p35057,0.010308
p35059,0.010196
p35061,0.014988
p36001,0.027916
p36003,0.003823
p36005,0.0
p36007,0.016974
p36009,0.004382
p36011,0.007159
p36013,0.009917
p36015,0.007336
p36017,0.002335
p36019,0.027455
p36021,0.005829
p36023,0.002773
p36025,0.00148
p36027,0.026001
p36029,0.075372
p36031,0.006952
p36033,0.002843
p36035,0.003506
p36037,0.005524
p36039,0.00436
p36041,0.000446
p36043,0.004693
p36045,0.004903
p36047,0.0
p36049,0.00128
p36051,0.004237
p36053,0.00253
p36055,0.078941
p36057,0.003537
p36059,0.107529
p36061,0.0
p36063,0.022409
p36065,0.011933
p36067,0.048774
p36069,0.008213
p36071,0.021795
p36073,0.002411
p36075,0.009666
p36077,0.00393
p36079,0.005813
p36081,0.000218
p36083,0.013176
p36085,0.002817
p36087,0.029132
p36089,0.020219
p36091,0.026577
p36093,0.011091
p36095,0.004141
p36097,0.001247
p36099,0.002687
p36101,0.009756
p36103,0.137365
p36105,0.00467
p36107,0.002965
p36109,0.009177
p36111,0.011569
p36113,0.00954
p36115,0.003039
p36117,0.017232
p36119,0.093751
p36121,0.002306
p36123,0.002352
p37001,0.012558
p37003,0.002479
p37005,0.0
p37007,0.004052
p37009,0.0
p37011,0.000887
p37013,0.00651
p37015,0.001013
p37017,0.005002
p37019,0.014828
p37021,0.021921
p37023,0.009871
p37025,0.016106
p37027,0.003334
p37029,0.000289
p37031,0.007463
p37033,0.000855
p37035,0.027485
p37037,0.006877
p37039,0.001534
p37041,0.000611
p37043,0.001186
p37045,0.006914
p37047,0.008031
p37049,0.011791
p37051,0.035755
p37053,0.003631
p37055,0.00814
p37057,0.014404
p37059,0.007742
p37061,0.009379
p37063,0.033929
p37065,0.002809
p37067,0.034535
p37069,0.004739
p37071,0.022622
p37073,0.001208
p37075,0.000517
p37077,0.00454
p37079,0.001923
p37081,0.046741
p37083,0.006904
p37085,0.009217
p37087,0.006071
p37089,0.007811
p37091,0.002604
p37093,0.003596
p37095,0.0
p37097,0.01549
p37099,0.002485
p37101,0.014412
p37103,0.002824
p37105,0.009525
p37107,0.006787
p37109,0.005116
p37111,0.002109
p37113,0.001854
p37115,0.001366
p37117,0.002244
p37119,0.086387
p37121,0.002066
p37123,0.00299
p37125,0.009112
p37127,0.011243
p37129,0.028184
p37131,0.000844
p37133,0.015423
p37135,0.015886
p37137,0.000888
p37139,0.004426
p37141,0.003986
p37143,0.000778
p37145,0.003847
p37147,0.013404
p37149,0.000698
p37151,0.01664
p37153,0.009937
p37155,0.013542
p37157,0.012238
p37159,0.014062
p37161,0.009881
p37163,0.007807
p37165,0.004845
p37167,0.00636
p37169,0.003935
p37171,0.008199
p37173,0.001982
p37175,0.001485
p37177,0.000293
p37179,0.019131
p37181,0.004974
p37183,0.122185
p37185,0.001602
p37187,0.000922
p37189,0.0
p37191,0.013847
p37193,0.010495
p37195,0.007559
p37197,0.002456
p37199,0.00083
p38001,0.003501
p38003,0.007928
p38005,0.006948
p38007,0.0
p38009,0.007523
p38011,0.031981
p38013,0.002404
p38015,0.078346
p38017,0.040587
p38019,0.003585
p38021,0.006034
p38023,0.012701
p38025,0.017495
p38027,0.000489
p38029,0.002901
p38031,0.004799
p38033,0.00491
p38035,0.044871
p38037,0.000724
p38039,0.009253
p38041,0.001683
p38043,0.002324
p38045,0.002362
p38047,0.0
p38049,0.0111
p38051,0.003275
p38053,0.097737
p38055,0.037769
p38057,0.109866
p38059,0.019769
p38061,0.090435
p38063,0.010117
p38065,0.017263
p38067,0.012012
p38069,0.003701
p38071,0.009909
p38073,0.009125
p38075,0.002612
p38077,0.032649
p38079,0.002943
p38081,0.009601
p38083,0.0
p38085,0.0
p38087,0.0
p38089,0.042678
p38091,0.0
p38093,0.024559
p38095,0.000597
p38097,0.004624
p38099,0.007222
p38101,0.062139
p38103,0.001909
p38105,0.083041
p39001,0.002816
p39003,0.012935
p39005,0.002551
p39007,0.006617
p39009,0.003765
p39011,0.003777
p39013,0.003921
p39015,0.002379
p39017,0.035894
p39019,0.00319
p39021,0.001887
p39023,0.006892
p39025,0.016067
p39027,0.005075
p39029,0.008534
p39031,0.004297
p39033,0.004481
p39035,0.096969
p39037,0.005418
p39039,0.005049
p39041,0.011977
p39043,0.007446
p39045,0.007278
p39047,0.002719
p39049,0.10211
p39051,0.010096
p39053,0.005449
p39055,0.004343
p39057,0.017689
p39059,0.00339
p39061,0.068368
p39063,0.006168
p39065,0.002199
p39067,0.002009
p39069,0.002437
p39071,0.002886
p39073,0.002829
p39075,0.002005
p39077,0.00231
p39079,0.004835
p39081,0.011153
p39083,0.004894
p39085,0.026496
p39087,0.005259
p39089,0.011605
p39091,0.008354
p39093,0.027624
p39095,0.03825
p39097,0.003215
p39099,0.018442
p39101,0.005612
p39103,0.012718
p39105,0.003216
p39107,0.004777
p39109,0.011255
p39111,0.001444
p39113,0.048256
p39115,0.000878
p39117,0.001937
p39119,0.005979
p39121,0.004223
p39123,0.005067
p39125,0.003088
p39127,0.002025
p39129,0.004647
p39131,0.003203
p39133,0.012294
p39135,0.003064
p39137,0.004823
p39139,0.009463
p39141,0.006502
p39143,0.005893
p39145,0.006618
p39147,0.004827
p39149,0.009729
p39151,0.031955
p39153,0.03913
p39155,0.018481
p39157,0.006666
p39159,0.004691
p39161,0.001592
p39163,0.000186
p39165,0.017885
p39167,0.01002
p39169,0.011792
p39171,0.003635
p39173,0.013468
p39175,0.002612
p40001,0.00876
p40003,0.008563
p40005,0.002514
p40007,0.002629
p40009,0.006445
p40011,0.004141
p40013,0.010298
p40015,0.00976
p40017,0.019951
p40019,0.014433
p40021,0.010518
p40023,0.002854
p40025,0.00034
p40027,0.04536
p40029,0.005807
p40031,0.024664
p40033,0.001383
p40035,0.002131
p40037,0.024312
p40039,0.010595
p40041,0.010218
p40043,0.002039
p40045,0.000331
p40047,0.014319
p40049,0.00835
p40051,0.014477
p40053,0.006891
p40055,0.000805
p40057,0.000653
p40059,0.001618
p40061,0.002607
p40063,0.002032
p40065,0.005085
p40067,0.001204
p40069,0.014414
p40071,0.015688
p40073,0.009419
p40075,0.005676
p40077,0.002436
p40079,0.010408
p40081,0.012119
p40083,0.012542
p40085,0.002757
p40087,0.010008
p40089,0.01412
p40091,0.005261
p40093,0.00695
p40095,0.002147
p40097,0.03094
p40099,0.004504
p40101,0.012795
p40103,0.003467
p40105,0.00764
p40107,0.002249
p40109,0.145085
p40111,0.009383
p40113,0.024627
p40115,0.009196
p40117,0.005259
p40119,0.017308
p40121,0.010127
p40123,0.00955
p40125,0.012327
p40127,0.00188
p40129,0.001283
p40131,0.022628
p40133,0.008275
p40135,0.019585
p40137,0.014577
p40139,0.007136
p40141,0.002434
p40143,0.173235
p40145,0.014421
p40147,0.008809
p40149,0.000874
p40151,0.004556
p40153,0.005814
p41001,0.003171
p41003,0.00736
p41005,0.088133
p41007,0.022683
p41009,0.014219
p41011,0.013334
p41013,0.010569
p41015,0.005616
p41017,0.035988
p41019,0.028139
p41021,0.003768
p41023,0.001369
p41025,0.003435
p41027,0.005458
p41029,0.049507
p41031,0.005065
p41033,0.020743
p41035,0.023097
p41037,0.00232
p41039,0.098627
p41041,0.024219
p41043,0.046654
p41045,0.016606
p41047,0.055734
p41049,0.016714
p41051,0.148432
p41053,0.011822
p41055,0.000684
p41057,0.010061
p41059,0.028456
p41061,0.006657
p41063,0.001699
p41065,0.010553
p41067,0.134366
p41069,0.000686
p41071,0.044057
p42001,0.009937
p42003,0.11218
p42005,0.012328
p42007,0.034226
p42009,0.004504
p42011,0.034142
p42013,0.007794
p42015,0.005784
p42017,0.050947
p42019,0.016959
p42021,0.007611
p42023,0.000691
p42025,0.002098
p42027,0.011306
p42029,0.042731
p42031,0.002672
p42033,0.005325
p42035,0.001154
p42037,0.004806
p42039,0.006461
p42041,0.017463
p42043,0.028202
p42045,0.040264
p42047,0.006085
p42049,0.016263
p42051,0.006534
p42053,0.0
p42055,0.009726
p42057,0.000798
p42059,0.004864
p42061,0.002551
p42063,0.006403
p42065,0.002629
p42067,0.001107
p42069,0.005789
p42071,0.042038
p42073,0.008071
p42075,0.011331
p42077,0.021723
p42079,0.025109
p42081,0.008956
p42083,0.003107
p42085,0.010977
p42087,0.004607
p42089,0.012944
p42091,0.072116
p42093,0.0
p42095,0.02995
p42097,0.004867
p42099,0.003593
p42101,0.093817
p42103,0.004568
p42105,0.000778
p42107,0.009856
p42109,0.006332
p42111,0.005206
p42113,0.0
p42115,0.003899
p42117,0.002671
p42119,0.000905
p42121,0.002994
p42123,0.004066
p42125,0.024154
p42127,0.000612
p42129,0.023994
p42131,0.002109
p42133,0.032319
p44001,0.010694
p44003,0.254908
p44005,0.217968
p44007,0.344674
p44009,0.171756
p45001,0.002653
p45003,0.026082
p45005,0.002169
p45007,0.035485
p45009,0.003728
p45011,0.003692
p45013,0.039146
p45015,0.056773
p45017,0.001865
p45019,0.053491
p45021,0.012252
p45023,0.006767
p45025,0.010028
p45027,0.006445
p45029,0.006705
p45031,0.016338
p45033,0.006337
p45035,0.026576
p45037,0.004011
p45039,0.002557
p45041,0.038874
p45043,0.015883
p45045,0.067566
p45047,0.017238
p45049,0.004796
p45051,0.088609
p45053,0.013651
p45055,0.016902
p45057,0.009601
p45059,0.018055
p45061,0.002934
p45063,0.065215
p45065,0.002304
p45067,0.007616
p45069,0.005693
p45071,0.009459
p45073,0.012907
p45075,0.015095
p45077,0.019897
p45079,0.061686
p45081,0.004595
p45083,0.087396
p45085,0.023258
p45087,0.005154
p45089,0.006272
p45091,0.056243
p46003,0.0
p46005,0.035331
p46007,0.003687
p46009,0.020034
p46011,0.052163
p46013,0.066582
p46015,0.0
p46017,0.006029
p46019,0.003536
p46021,0.0
p46023,0.015062
p46025,0.005393
p46027,0.016104
p46029,0.039407
p46031,0.007597
p46033,0.004012
p46035,0.015008
p46037,0.002842
p46039,0.012513
p46041,0.0
p46043,0.0
p46045,0.004465
p46047,0.005109
p46049,0.0
p46051,0.015002
p46053,0.013235
p46055,0.021177
p46057,0.0
p46059,0.0
p46061,0.029624
p46063,0.0
p46065,0.017349
p46067,0.007394
p46069,0.0
p46071,0.001483
p46073,0.005644
p46075,0.0
p46077,0.003714
p46079,0.0
p46081,0.017613
p46083,0.026503
p46085,0.00274
p46087,0.006146
p46089,0.0
p46091,0.0
p46093,0.031867
p46095,0.0
p46097,0.0
p46099,0.235466
p46101,0.013642
p46102,0.006489
p46103,0.092681
p46105,0.011927
p46107,0.003452
p46109,0.004713
p46111,0.0
p46115,0.015129
p46117,0.01125
p46119,0.005216
p46121,0.006972
p46123,0.01361
p46125,0.024992
p46127,0.007611
p46129,0.007484
p46135,0.020708
p46137,0.00429
p47001,0.013506
p47003,0.009368
p47005,0.002257
p47007,0.001267
p47009,0.019224
p47011,0.01692
p47013,0.003752
p47015,0.001314
p47017,0.003878
p47019,0.005858
p47021,0.011105
p47023,0.002845
p47025,0.0
p47027,0.000886
p47029,0.006584
p47031,0.003009
p47033,0.002689
p47035,0.007915
p47037,0.086696
p47039,0.002136
p47041,0.003177
p47043,0.007548
p47045,0.006822
p47047,0.005773
p47049,0.001301
p47051,0.015424
p47053,0.008348
p47055,0.003878
p47057,0.003234
p47059,0.010047
p47061,0.005508
p47063,0.010976
p47065,0.056241
p47067,0.0
p47069,0.003722
p47071,0.003653
p47073,0.004379
p47075,0.002892
p47077,0.003091
p47079,0.006727
p47081,0.004708
p47083,0.000951
p47085,0.004859
p47087,0.0
p47089,0.003052
p47091,0.0
p47093,0.064771
p47095,0.000986
p47097,0.003013
p47099,0.00923
p47101,0.001344
p47103,0.004271
p47105,0.013579
p47107,0.014888
p47109,0.003947
p47111,0.002287
p47113,0.019925
p47115,0.00469
p47117,0.003614
p47119,0.017409
p47121,0.00115
p47123,0.007111
p47125,0.021697
p47127,0.001038
p47129,0.000432
p47131,0.005901
p47133,0.00241
p47135,0.001245
p47137,0.000553
p47139,0.002888
p47141,0.01031
p47143,0.009947
p47145,0.017001
p47147,0.008663
p47149,0.040418
p47151,0.002845
p47153,0.0
p47155,0.015208
p47157,0.163441
p47159,0.003285
p47161,0.009887
p47163,0.025091
p47165,0.019377
p47167,0.007889
p47169,0.001042
p47171,0.001876
p47173,0.000476
p47175,0.000354
p47177,0.004301
p47179,0.014754
p47181,0.001911
p47183,0.003476
p47185,0.002983
p47187,0.037005
p47189,0.012563
p48001,0.001674
p48003,0.002642
p48005,0.003022
p48007,0.001215
p48009,0.000317
p48011,0.0
p48013,0.002095
p48015,0.001314
p48017,0.000325
p48019,0.000794
p48021,0.002553
p48023,0.000132
p48025,0.000862
p48027,0.009438
p48029,0.059022
p48031,0.000383
p48033,0.000207
p48035,0.000846
p48037,0.004754
p48039,0.033142
p48041,0.007286
p48043,0.000233
p48045,0.000121
p48047,0.000235
p48049,0.00135
p48051,0.000823
p48053,0.002053
p48055,0.001459
p48057,0.012203
p48059,0.00057
p48061,0.009622
p48063,0.000412
p48065,0.001081
p48067,0.000851
p48069,0.001139
p48071,0.008088
p48073,0.001346
p48075,0.000284
p48077,0.00039
p48079,0.000227
p48081,0.00035
p48083,0.000326
p48085,0.034485
p48087,0.000158
p48089,0.001433
p48091,0.005813
p48093,0.000583
p48095,0.000145
p48097,0.001631
p48099,0.001573
p48101,7.7e-05
p48103,0.001259
p48105,0.000829
p48107,0.002109
p48109,0.000447
p48111,6e-05
p48113,0.091092
p48115,0.000908
p48117,0.00186
p48119,0.000247
p48121,0.025967
p48123,0.001586
p48125,0.000119
p48127,0.000838
p48129,0.000124
p48131,0.00055
p48133,0.000766
p48135,0.006374
p48137,6.9e-05
p48139,0.011976
p48141,0.014578
p48143,0.001327
p48145,0.000654
p48147,0.001127
p48149,0.001346
p48151,0.00033
p48153,0.000277
p48155,7e-05
p48157,0.011006
p48159,0.000307
p48161,0.001557
p48163,0.001086
p48165,0.004122
p48167,0.018059
p48169,0.000469
p48171,0.000917
p48173,0.001569
p48175,0.000822
p48177,0.00127
p48179,0.000134
p48181,0.00491
p48183,0.002957
p48185,0.001648
p48187,0.006967
p48189,0.002727
p48191,0.000149
p48193,0.000324
p48195,0.000892
p48197,0.000256
p48199,0.002532
p48201,0.119087
p48203,0.005704
p48205,0.001215
p48207,0.00027
p48209,0.006254
p48211,7.8e-05
p48213,0.002632
p48215,0.015187
p48217,0.001164
p48219,0.001625
p48221,0.002079
p48223,0.001299
p48225,0.001095
p48227,0.001987
p48229,3.5e-05
p48231,0.002691
p48233,0.001592
p48235,0.000399
p48237,0.000245
p48239,0.001538
p48241,0.001994
p48243,4.2e-05
p48245,0.018259
p48247,5.9e-05
p48249,0.001154
p48251,0.004801
p48253,0.000545
p48255,0.001675
p48257,0.004899
p48259,0.001499
p48261,1.8e-05
p48263,0.000757
p48265,0.002009
p48267,0.000199
p48269,0.000353
p48271,0.000169
p48273,0.001003
p48275,0.000274
p48277,0.002052
p48279,0.001674
p48281,0.000772
p48283,0.001099
p48285,0.00053
p48287,0.000488
p48289,0.002602
p48291,0.004453
p48293,0.000909
p48295,7e-05
p48297,0.001678
p48299,0.001073
p48301,0.000617
p48303,0.007057
p48305,0.000359
p48307,0.000547
p48309,0.008176
p48311,0.000608
p48313,0.000557
p48315,0.000602
p48317,0.002348
p48319,0.000227
p48321,0.001975
p48323,0.00109
p48325,0.001872
p48327,0.000133
p48329,0.007609
p48331,0.000788
p48333,0.000122
p48335,0.00089
p48337,0.001248
p48339,0.018592
p48341,0.002077
p48343,0.001194
p48345,4.7e-05
p48347,0.002264
p48349,0.002332
p48351,0.000913
p48353,0.000888
p48355,0.019147
p48357,0.000266
p48359,3.4e-05
p48361,0.006262
p48363,0.001252
p48365,0.001367
p48367,0.003998
p48369,0.000429
p48371,0.002436
p48373,0.002494
p48375,0.003636
p48377,0.000194
p48379,0.000543
p48381,0.002284
p48383,0.000869
p48385,0.000231
p48387,0.000338
p48389,0.001589
p48391,0.000432
p48393,0.0
p48395,0.000829
p48397,0.004149
p48399,0.000296
p48401,0.001999
p48403,4.8e-05
p48405,0.000144
p48407,0.000808
p48409,0.007107
p48411,0.000173
p48413,0.000131
p48415,0.00503
p48417,0.000301
p48419,0.001482
p48421,0.000263
p48423,0.007166
p48425,0.000387
p48427,0.001294
p48429,0.000917
p48431,0.00019
p48433,0.000109
p48435,0.000274
p48437,0.000624
p48439,0.065282
p48441,0.004095
p48443,2.2e-05
p48445,0.001425
p48447,0.000119
p48449,0.0016
p48451,0.003474
p48453,0.035552
p48455,0.000142
p48457,0.000932
p48459,0.001823
p48461,0.001713
p48463,0.000767
p48465,0.001233
p48467,0.001563
p48469,0.004744
p48471,0.002633
p48473,0.000503
p48475,0.001542
p48477,0.001623
p48479,0.006029
p48481,0.002355
p48483,0.000531
p48485,0.005453
p48487,0.000584
p48489,0.000462
p48491,0.015794
p48493,0.001665
p48495,0.000845
p48497,0.003286
p48499,0.002075
p48501,0.005633
p48503,0.000926
p48505,0.000385
p48507,0.000598
p49001,0.005862
p49003,0.040501
p49005,0.03097
p49007,0.019405
p49009,0.001547
p49011,0.098811
p49013,0.003812
p49015,0.018026
p49017,0.0
p49019,0.003899
p49021,0.028859
p49023,0.007535
p49025,0.0
p49027,0.001762
p49029,0.0
p49031,0.0
p49033,0.0
p49035,0.382776
p49037,0.008429
p49039,0.003474
p49041,0.003362
p49043,0.008386
p49045,0.042901
p49047,0.024219
p49049,0.127749
p49051,0.008582
p49053,0.062851
p49055,0.0
p49057,0.06628
p50001,0.044743
p50003,0.109849
p50005,0.062029
p50007,0.272211
p50009,0.004445
p50011,0.066724
p50013,0.007359
p50015,0.03366
p50017,0.035249
p50019,0.039405
p50021,0.100011
p50023,0.062947
p50025,0.069646
p50027,0.091721
p51001,0.004514
p51003,0.013787
p51005,0.005879
p51007,0.000521
p51009,0.005595
p51011,0.001705
p51013,0.036854
p51015,0.011587
p51017,0.0
p51019,0.008349
p51021,0.003364
p51023,0.003562
p51025,0.002222
p51027,0.007337
p51029,0.000991
p51031,0.005301
p51033,0.01103
p51035,0.004152
p51036,0.002311
p51037,0.000479
p51041,0.038315
p51043,0.002427
p51045,0.002096
p51047,0.005676
p51049,0.00543
p51051,0.002636
p51053,0.001884
p51057,0.001276
p51059,0.152926
p51061,0.007311
p51063,0.000713
p51065,0.002924
p51067,0.004924
p51069,0.005996
p51071,0.002618
p51073,0.004249
p51075,0.001558
p51077,0.001047
p51079,0.0
p51081,0.001361
p51083,0.004137
p51085,0.01201
p51087,0.046759
p51089,0.0052
p51091,0.000102
p51093,0.005343
p51095,0.005638
p51097,0.0
p51099,0.004311
p51101,0.001243
p51103,0.002363
p51105,0.000711
p51107,0.081598
p51109,0.001022
p51111,0.00071
p51113,0.001814
p51115,0.0
p51117,0.006002
p51119,0.001908
p51121,0.010635
p51125,0.000141
p51127,0.002091
p51131,0.001673
p51133,0.0
p51135,0.001436
p51137,0.002383
p51139,0.002177
p51141,0.000245
p51143,0.006864
p51145,0.001212
p51147,0.001544
p51149,0.002457
p51153,0.034032
p51155,0.003274
p51157,0.000731
p51159,0.002347
p51161,0.015301
p51163,0.004314
p51165,0.016106
p51167,0.004527
p51169,0.001784
p51171,0.006301
p51173,0.001855
p51175,0.001982
p51177,0.007517
p51179,0.013465
p51181,0.001667
p51183,0.001674
p51185,0.005313
p51187,0.002655
p51191,0.007853
p51193,0.002866
p51195,0.003253
p51197,0.002273
p51199,0.016758
p51510,0.009014
p51520,0.0
p51530,0.000585
p51540,0.008176
p51550,0.026564
p51570,0.0
p51580,0.0
p51590,0.004613
p51595,0.000686
p51600,0.002727
p51610,0.0
p51620,0.000971
p51630,0.006978
p51640,0.0
p51650,0.014059
p51660,0.0
p51670,0.006408
p51678,0.0
p51680,0.005894
p51683,0.006305
p51685,0.000949
p51690,0.001129
p51700,0.020346
p51710,0.026265
p51720,0.000303
p51730,0.008051
p51735,0.0
p51740,0.012222
p51750,0.000587
p51760,0.02412
p51770,0.002823
p51775,0.002562
p51790,0.0
p51800,0.008212
p51810,0.043798
p51820,0.003458
p51830,0.000606
p51840,0.005104
p53001,0.005893
p53003,0.001994
p53005,0.039383
p53007,0.035601
p53009,0.013485
p53011,0.052159
p53013,0.000815
p53015,0.063384
p53017,0.014471
p53019,0.00068
p53021,0.016651
p53023,0.000395
p53025,0.059133
p53027,0.018302
p53029,0.004085
p53031,0.003986
p53033,0.228573
p53035,0.028194
p53037,0.006792
p53039,0.004762
p53041,0.012755
p53043,0.002736
p53045,0.00688
p53047,0.008627
p53049,0.003539
p53051,0.012146
p53053,0.051959
p53055,0.001335
p53057,0.017394
p53059,0.001808
p53061,0.092975
p53063,0.062866
p53065,0.006265
p53067,0.022212
p53069,0.000461
p53071,0.012271
p53073,0.049211
p53075,0.005747
p53077,0.030075
p54001,0.00458
p54003,0.046942
p54005,0.036486
p54007,0.006369
p54009,0.012436
p54011,0.032962
p54013,0.001277
p54015,0.000333
p54017,0.000978
p54019,0.034222
p54021,0.00442
p54023,0.007637
p54025,0.014842
p54027,0.004723
p54029,0.025473
p54031,0.00594
p54033,0.071816
p54035,0.007526
p54037,0.023434
p54039,0.113588
p54041,0.00689
p54043,0.003426
p54045,0.020746
p54047,0.012887
p54049,0.030333
p54051,0.094791
p54053,0.021067
p54055,0.0119
p54057,0.009628
p54059,0.016174
p54061,0.042032
p54063,0.000794
p54065,0.004001
p54067,0.00909
p54069,0.010485
p54071,0.002969
p54073,0.002641
p54075,0.005379
p54077,0.008464
p54079,0.017934
p54081,0.036531
p54083,0.010058
p54085,0.002177
p54087,0.004474
p54089,0.002196
p54091,0.004454
p54093,0.00235
p54095,0.005526
p54097,0.009261
p54099,0.042023
p54101,0.004622
p54103,0.024592
p54105,0.001222
p54107,0.048305
p54109,0.014592
p55001,0.003871
p55003,0.001692
p55005,0.008403
p55007,0.002585
p55009,0.047201
p55011,0.004667
p55013,0.003213
p55015,0.006735
p55017,0.016797
p55019,0.007852
p55021,0.013961
p55023,0.002153
p55025,0.085396
p55027,0.014525
p55029,0.003927
p55031,0.006615
p55033,0.009008
p55035,0.011224
p55037,0.000226
p55039,0.018014
p55041,0.0007
p55043,0.008162
p55045,0.007335
p55047,0.003671
p55049,0.003207
p55051,0.001867
p55053,0.00365
p55055,0.016004
p55057,0.003205
p55059,0.025931
p55061,0.00392
p55063,0.015253
p55065,0.003271
p55067,0.002537
p55069,0.005519
p55071,0.016576
p55073,0.024721
p55075,0.010933
p55077,0.002821
p55078,0.000433
p55079,0.136809
p55081,0.00832
p55083,0.004726
p55085,0.006364
p55087,0.04401
p55089,0.019192
p55091,0.001338
p55093,0.004528
p55095,0.006052
p55097,0.012053
p55099,0.003398
p55101,0.029589
p55103,0.002308
p55105,0.023932
p55107,0.002702
p55109,0.010525
p55111,0.012979
p55113,0.004723
p55115,0.008549
p55117,0.019285
p55119,0.003109
p55121,0.00478
p55123,0.007167
p55125,0.002
p55127,0.028168
p55129,0.001582
p55131,0.029848
p55133,0.06559
p55135,0.009442
p55137,0.006553
p55139,0.028726
p55141,0.023872
p56001,0.021787
p56003,0.02138
p56005,0.159222
p56007,0.036939
p56009,0.032817
p56011,0.004134
p56013,0.036755
p56015,0.013682
p56017,0.042953
p56019,0.007181
p56021,0.090468
p56023,0.146798
p56025,0.051401
p56027,0.0048
p56029,0.062972
p56031,0.030887
p56033,0.01706
p56035,0.0
p56037,0.123797
p56039,0.028655
p56041,0.044356
p56043,0.010417
p56045,0.011539
